<Anims>
 <anim name="idle" root="sisturn_food" numframes="125" framerate="40">
  <frame idx="0" w="174" h="167" x="-1.204323" y="-36.569019">
   <element name="acorn01" layername="acor" frame="0" z_index="1" m_a="0.976196" m_b="0.000000" m_c="0.000000" m_d="0.920258" m_tx="-9.800000" m_ty="-37.750000"/>
  </frame>
  <frame idx="25" w="174" h="167" x="-1.204323" y="-36.569019">
   <element name="acorn01" layername="acor" frame="0" z_index="1" m_a="0.976196" m_b="0.000000" m_c="0.000000" m_d="0.920258" m_tx="-9.800000" m_ty="-37.750000"/>
  </frame>
  <frame idx="50" w="174" h="167" x="-1.204323" y="-36.569019">
   <element name="acorn01" layername="acor" frame="0" z_index="1" m_a="0.976196" m_b="0.000000" m_c="0.000000" m_d="0.920258" m_tx="-9.800000" m_ty="-37.750000"/>
  </frame>
  <frame idx="75" w="174" h="167" x="-1.204323" y="-36.569019">
   <element name="acorn01" layername="acor" frame="0" z_index="1" m_a="0.976196" m_b="0.000000" m_c="0.000000" m_d="0.920258" m_tx="-9.800000" m_ty="-37.750000"/>
  </frame>
  <frame idx="100" w="174" h="167" x="-1.204323" y="-36.569019">
   <element name="acorn01" layername="acor" frame="0" z_index="1" m_a="0.976196" m_b="0.000000" m_c="0.000000" m_d="0.920258" m_tx="-9.800000" m_ty="-37.750000"/>
  </frame>
 </anim>
</Anims>
