<Anims>
 <anim name="idle" root="unstable_ghostlyelixir_fastregen" numframes="125" framerate="40">
  <frame idx="0" w="152" h="279" x="21.150043" y="-71.437546">
   <element name="chum_pouch01" layername="chum_pouc" frame="0" z_index="6" m_a="1.000000" m_b="0.000000" m_c="0.000000" m_d="1.000000" m_tx="2.650080" m_ty="1.062364"/>
  </frame>
  <frame idx="25" w="176" h="280" x="-0.173477" y="-72.172836">
   <element name="chum_pouch01" layername="chum_pouc" frame="0" z_index="6" m_a="1.000000" m_b="0.000000" m_c="0.000000" m_d="1.000000" m_tx="-18.673449" m_ty="0.327070"/>
  </frame>
  <frame idx="50" w="184" h="280" x="-7.849960" y="-72.437546">
   <element name="chum_pouch01" layername="chum_pouc" frame="0" z_index="6" m_a="1.000000" m_b="0.000000" m_c="0.000000" m_d="1.000000" m_tx="-26.349920" m_ty="0.062364"/>
  </frame>
  <frame idx="75" w="184" h="280" x="-7.849960" y="-72.437546">
   <element name="chum_pouch01" layername="chum_pouc" frame="0" z_index="6" m_a="1.000000" m_b="0.000000" m_c="0.000000" m_d="1.000000" m_tx="-26.349920" m_ty="0.062364"/>
  </frame>
  <frame idx="100" w="184" h="280" x="-7.849960" y="-72.437546">
   <element name="chum_pouch01" layername="chum_pouc" frame="0" z_index="6" m_a="1.000000" m_b="0.000000" m_c="0.000000" m_d="1.000000" m_tx="-26.349920" m_ty="0.062364"/>
  </frame>
 </anim>
 <anim name="spin_loop" root="unstable_ghostlyelixir_fastregen" numframes="600" framerate="40">
  <frame idx="0" w="446" h="367" x="-94.221451" y="-79.534828">
   <element name="chum_pouch01" layername="chum_pouc" frame="2" z_index="2" m_a="-0.683202" m_b="-0.299123" m_c="0.449401" m_d="-1.026441" m_tx="-18.050100" m_ty="39.049801"/>
   <element name="chum_pouch01" layername="chum_pouc" frame="1" z_index="3" m_a="-0.659791" m_b="-0.347736" m_c="0.513101" m_d="-0.973553" m_tx="-0.399999" m_ty="0.400000"/>
   <element name="chum_pouch01" layername="chum_pouc" frame="2" z_index="4" m_a="-0.987777" m_b="-0.152651" m_c="0.136618" m_d="-0.884032" m_tx="-26.350000" m_ty="59.299999"/>
   <element name="chum_pouch01" layername="chum_pouc" frame="2" z_index="5" m_a="-0.913741" m_b="0.283864" m_c="-0.265041" m_d="-0.853151" m_tx="-21.750000" m_ty="59.599998"/>
   <element name="chum_pouch01" layername="chum_pouc" frame="2" z_index="6" m_a="0.777503" m_b="0.552828" m_c="0.528476" m_d="-0.743254" m_tx="-27.700001" m_ty="54.500000"/>
  </frame>
  <frame idx="25" w="449" h="381" x="-100.094269" y="-74.815384">
   <element name="chum_pouch01" layername="chum_pouc" frame="2" z_index="2" m_a="-0.672214" m_b="-0.329391" m_c="0.492622" m_d="-1.005332" m_tx="-20.344145" m_ty="34.771049"/>
   <element name="chum_pouch01" layername="chum_pouc" frame="1" z_index="3" m_a="-0.635071" m_b="-0.563139" m_c="0.691498" m_d="-0.779824" m_tx="-0.375270" m_ty="0.400000"/>
   <element name="chum_pouch01" layername="chum_pouc" frame="2" z_index="4" m_a="-0.970663" m_b="-0.250467" m_c="0.225967" m_d="-0.875718" m_tx="-30.100073" m_ty="52.976398"/>
   <element name="chum_pouch01" layername="chum_pouc" frame="2" z_index="5" m_a="-0.914338" m_b="0.282635" m_c="-0.265953" m_d="-0.860371" m_tx="-25.867720" m_ty="54.121983"/>
   <element name="chum_pouch01" layername="chum_pouc" frame="2" z_index="6" m_a="0.671513" m_b="0.681201" m_c="0.641672" m_d="-0.632546" m_tx="-31.303017" m_ty="49.536690"/>
  </frame>
  <frame idx="50" w="447" h="381" x="-103.306168" y="-76.579666">
   <element name="chum_pouch01" layername="chum_pouc" frame="2" z_index="2" m_a="-0.658397" m_b="-0.362631" m_c="0.539589" m_d="-0.979684" m_tx="-22.898825" m_ty="30.006216"/>
   <element name="chum_pouch01" layername="chum_pouc" frame="1" z_index="3" m_a="-0.578989" m_b="-0.713549" m_c="0.778540" m_d="-0.631725" m_tx="-0.358432" m_ty="0.400000"/>
   <element name="chum_pouch01" layername="chum_pouc" frame="2" z_index="4" m_a="-0.962110" m_b="-0.293565" m_c="0.265709" m_d="-0.870816" m_tx="-34.068283" m_ty="46.142326"/>
   <element name="chum_pouch01" layername="chum_pouc" frame="2" z_index="5" m_a="-0.933310" m_b="0.214850" m_c="-0.202250" m_d="-0.878575" m_tx="-30.356159" m_ty="47.713535"/>
   <element name="chum_pouch01" layername="chum_pouc" frame="2" z_index="6" m_a="0.646936" m_b="0.709390" m_c="0.660087" m_d="-0.601974" m_tx="-35.145557" m_ty="43.192326"/>
  </frame>
  <frame idx="75" w="445" h="376" x="-105.411209" y="-79.246170">
   <element name="chum_pouch01" layername="chum_pouc" frame="2" z_index="2" m_a="-0.641357" m_b="-0.398413" m_c="0.589555" m_d="-0.949053" m_tx="-25.699821" m_ty="24.781969"/>
   <element name="chum_pouch01" layername="chum_pouc" frame="1" z_index="3" m_a="-0.479202" m_b="-0.811077" m_c="0.854456" m_d="-0.504831" m_tx="-0.358154" m_ty="0.391846"/>
   <element name="chum_pouch01" layername="chum_pouc" frame="2" z_index="4" m_a="-0.950979" m_b="-0.339350" m_c="0.307820" m_d="-0.862621" m_tx="-38.268284" m_ty="38.499901"/>
   <element name="chum_pouch01" layername="chum_pouc" frame="2" z_index="5" m_a="-0.947749" m_b="0.144572" m_c="-0.136072" m_d="-0.892032" m_tx="-34.919796" m_ty="40.902931"/>
   <element name="chum_pouch01" layername="chum_pouc" frame="2" z_index="6" m_a="0.649150" m_b="0.713084" m_c="0.656805" m_d="-0.597917" m_tx="-39.231918" m_ty="35.877171"/>
  </frame>
  <frame idx="100" w="457" h="388" x="-104.923859" y="-82.976364">
   <element name="chum_pouch01" layername="chum_pouc" frame="2" z_index="2" m_a="-0.620857" m_b="-0.436006" m_c="0.641365" m_d="-0.913282" m_tx="-28.712700" m_ty="19.162500"/>
   <element name="chum_pouch01" layername="chum_pouc" frame="1" z_index="3" m_a="-0.290796" m_b="-0.856707" m_c="0.968516" m_d="-0.328748" m_tx="-0.383632" m_ty="0.366368"/>
   <element name="chum_pouch01" layername="chum_pouc" frame="2" z_index="4" m_a="-0.907387" m_b="-0.451971" m_c="0.412251" m_d="-0.827644" m_tx="-42.700100" m_ty="29.749901"/>
   <element name="chum_pouch01" layername="chum_pouc" frame="2" z_index="5" m_a="-0.947518" m_b="0.152752" m_c="-0.144840" m_d="-0.898439" m_tx="-39.200100" m_ty="34.349899"/>
   <element name="chum_pouch01" layername="chum_pouc" frame="2" z_index="6" m_a="0.591039" m_b="0.767562" m_c="0.700781" m_d="-0.539616" m_tx="-43.550098" m_ty="28.149900"/>
  </frame>
  <frame idx="125" w="455" h="400" x="-101.291183" y="-86.064682">
   <element name="chum_pouch01" layername="chum_pouc" frame="2" z_index="2" m_a="-0.597038" m_b="-0.474223" m_c="0.693276" m_d="-0.872821" m_tx="-31.865349" m_ty="13.282427"/>
   <element name="chum_pouch01" layername="chum_pouc" frame="1" z_index="3" m_a="-0.201984" m_b="-0.863774" m_c="1.009885" m_d="-0.236151" m_tx="-0.395667" m_ty="0.354334"/>
   <element name="chum_pouch01" layername="chum_pouc" frame="2" z_index="4" m_a="-0.912779" m_b="-0.450614" m_c="0.414494" m_d="-0.839613" m_tx="-47.295689" m_ty="22.948431"/>
   <element name="chum_pouch01" layername="chum_pouc" frame="2" z_index="5" m_a="-0.959937" m_b="0.042281" m_c="-0.039920" m_d="-0.906340" m_tx="-45.045689" m_ty="26.739607"/>
   <element name="chum_pouch01" layername="chum_pouc" frame="2" z_index="6" m_a="0.505451" m_b="0.831875" m_c="0.761834" m_d="-0.462893" m_tx="-48.035393" m_ty="20.208723"/>
  </frame>
  <frame idx="150" w="460" h="409" x="-103.072174" y="-92.635132">
   <element name="chum_pouch01" layername="chum_pouc" frame="2" z_index="2" m_a="-0.569427" m_b="-0.513036" m_c="0.745163" m_d="-0.827069" m_tx="-35.183235" m_ty="7.094075"/>
   <element name="chum_pouch01" layername="chum_pouc" frame="1" z_index="3" m_a="-0.083390" m_b="-0.935612" m_c="1.005638" m_d="-0.089632" m_tx="-0.400000" m_ty="0.382614"/>
   <element name="chum_pouch01" layername="chum_pouc" frame="2" z_index="4" m_a="-0.866665" m_b="-0.542476" m_c="0.499605" m_d="-0.798173" m_tx="-52.174343" m_ty="14.972603"/>
   <element name="chum_pouch01" layername="chum_pouc" frame="2" z_index="5" m_a="-0.961775" m_b="0.010721" m_c="-0.010188" m_d="-0.913958" m_tx="-50.786465" m_ty="18.933233"/>
   <element name="chum_pouch01" layername="chum_pouc" frame="2" z_index="6" m_a="0.485479" m_b="0.849400" m_c="0.771068" m_d="-0.440708" m_tx="-52.825859" m_ty="11.774122"/>
  </frame>
  <frame idx="175" w="469" h="423" x="-104.832428" y="-100.933655">
   <element name="chum_pouch01" layername="chum_pouc" frame="2" z_index="2" m_a="-0.538076" m_b="-0.551642" m_c="0.795872" m_d="-0.776300" m_tx="-38.629219" m_ty="0.666674"/>
   <element name="chum_pouch01" layername="chum_pouc" frame="1" z_index="3" m_a="0.049907" m_b="-1.014613" m_c="0.965801" m_d="0.047506" m_tx="-0.400000" m_ty="0.425200"/>
   <element name="chum_pouch01" layername="chum_pouc" frame="2" z_index="4" m_a="-0.804065" m_b="-0.639904" m_c="0.589918" m_d="-0.741256" m_tx="-57.309170" m_ty="6.154402"/>
   <element name="chum_pouch01" layername="chum_pouc" frame="2" z_index="5" m_a="-0.962805" m_b="-0.006192" m_c="0.005925" m_d="-0.921320" m_tx="-56.577347" m_ty="10.834745"/>
   <element name="chum_pouch01" layername="chum_pouc" frame="2" z_index="6" m_a="0.463794" m_b="0.867711" m_c="0.779143" m_d="-0.416454" m_tx="-57.860657" m_ty="3.013499"/>
  </frame>
  <frame idx="200" w="482" h="442" x="-104.309814" y="-106.997131">
   <element name="chum_pouch01" layername="chum_pouc" frame="2" z_index="2" m_a="-0.503336" m_b="-0.589102" m_c="0.844125" m_d="-0.721231" m_tx="-42.149899" m_ty="-5.900220"/>
   <element name="chum_pouch01" layername="chum_pouc" frame="1" z_index="3" m_a="0.136984" m_b="-1.051515" m_c="0.934235" m_d="0.121706" m_tx="-0.400001" m_ty="0.450000"/>
   <element name="chum_pouch01" layername="chum_pouc" frame="2" z_index="4" m_a="-0.799712" m_b="-0.655326" m_c="0.609507" m_d="-0.743798" m_tx="-62.650002" m_ty="-3.050120"/>
   <element name="chum_pouch01" layername="chum_pouc" frame="2" z_index="5" m_a="-0.960084" m_b="-0.087290" m_c="0.083148" m_d="-0.914522" m_tx="-62.599998" m_ty="2.349890"/>
   <element name="chum_pouch01" layername="chum_pouc" frame="2" z_index="6" m_a="0.348191" m_b="0.927036" m_c="0.831476" m_d="-0.312299" m_tx="-63.049900" m_ty="-5.850130"/>
  </frame>
  <frame idx="225" w="482" h="455" x="-94.694611" y="-113.825928">
   <element name="chum_pouch01" layername="chum_pouc" frame="2" z_index="2" m_a="-0.393667" m_b="-0.654924" m_c="0.954021" m_d="-0.573449" m_tx="-40.622108" m_ty="-10.729470"/>
   <element name="chum_pouch01" layername="chum_pouc" frame="1" z_index="3" m_a="0.253720" m_b="-0.982371" m_c="0.942136" m_d="0.243328" m_tx="-0.424730" m_ty="0.450000"/>
   <element name="chum_pouch01" layername="chum_pouc" frame="2" z_index="4" m_a="-0.665475" m_b="-0.769699" m_c="0.731465" m_d="-0.632418" m_tx="-61.054413" m_ty="-7.551774"/>
   <element name="chum_pouch01" layername="chum_pouc" frame="2" z_index="5" m_a="-0.930246" m_b="-0.234375" m_c="0.221264" m_d="-0.878210" m_tx="-62.087132" m_ty="-1.496455"/>
   <element name="chum_pouch01" layername="chum_pouc" frame="2" z_index="6" m_a="0.278516" m_b="0.932603" m_c="0.851166" m_d="-0.254195" m_tx="-61.084019" m_ty="-10.579741"/>
  </frame>
  <frame idx="250" w="480" h="458" x="-88.775742" y="-116.537781">
   <element name="chum_pouch01" layername="chum_pouc" frame="2" z_index="2" m_a="-0.303690" m_b="-0.692189" m_c="1.021306" m_d="-0.448086" m_tx="-39.445045" m_ty="-14.450061"/>
   <element name="chum_pouch01" layername="chum_pouc" frame="1" z_index="3" m_a="0.324847" m_b="-0.928223" m_c="0.938306" m_d="0.328376" m_tx="-0.441568" m_ty="0.450000"/>
   <element name="chum_pouch01" layername="chum_pouc" frame="2" z_index="4" m_a="-0.584610" m_b="-0.821692" m_c="0.790277" m_d="-0.562260" m_tx="-60.174545" m_ty="-10.034251"/>
   <element name="chum_pouch01" layername="chum_pouc" frame="2" z_index="5" m_a="-0.904182" m_b="-0.312650" m_c="0.293687" m_d="-0.849342" m_tx="-61.804317" m_ty="-3.617572"/>
   <element name="chum_pouch01" layername="chum_pouc" frame="2" z_index="6" m_a="0.240468" m_b="0.933472" m_c="0.860293" m_d="-0.221617" m_tx="-59.999912" m_ty="-13.187902"/>
  </frame>
  <frame idx="275" w="480" h="459" x="-85.366745" y="-117.582504">
   <element name="chum_pouch01" layername="chum_pouc" frame="2" z_index="2" m_a="-0.237209" m_b="-0.711457" m_c="1.059500" m_d="-0.353251" m_tx="-38.600960" m_ty="-17.118134"/>
   <element name="chum_pouch01" layername="chum_pouc" frame="1" z_index="3" m_a="0.384602" m_b="-0.892900" m_c="0.921219" m_d="0.396799" m_tx="-0.441846" m_ty="0.441846"/>
   <element name="chum_pouch01" layername="chum_pouc" frame="2" z_index="4" m_a="-0.551488" m_b="-0.839191" m_c="0.813307" m_d="-0.534478" m_tx="-59.740910" m_ty="-11.271212"/>
   <element name="chum_pouch01" layername="chum_pouc" frame="2" z_index="5" m_a="-0.892955" m_b="-0.340221" m_c="0.319047" m_d="-0.837381" m_tx="-61.663635" m_ty="-4.684874"/>
   <element name="chum_pouch01" layername="chum_pouc" frame="2" z_index="6" m_a="0.215846" m_b="0.934803" m_c="0.865626" m_d="-0.199873" m_tx="-59.472725" m_ty="-14.483333"/>
  </frame>
  <frame idx="300" w="482" h="461" x="-82.809967" y="-118.360794">
   <element name="chum_pouch01" layername="chum_pouc" frame="2" z_index="2" m_a="-0.192881" m_b="-0.720698" m_c="1.079856" m_d="-0.289003" m_tx="-38.045200" m_ty="-18.874800"/>
   <element name="chum_pouch01" layername="chum_pouc" frame="1" z_index="3" m_a="0.467840" m_b="-0.867892" m_c="0.878509" m_d="0.473563" m_tx="-0.416368" m_ty="0.416368"/>
   <element name="chum_pouch01" layername="chum_pouc" frame="2" z_index="4" m_a="-0.544355" m_b="-0.840416" m_c="0.822712" m_d="-0.532888" m_tx="-59.400002" m_ty="-12.275000"/>
   <element name="chum_pouch01" layername="chum_pouc" frame="2" z_index="5" m_a="-0.893123" m_b="-0.338231" m_c="0.317350" m_d="-0.837984" m_tx="-61.549999" m_ty="-5.575010"/>
   <element name="chum_pouch01" layername="chum_pouc" frame="2" z_index="6" m_a="0.182473" m_b="0.938390" m_c="0.872059" m_d="-0.169574" m_tx="-59.075001" m_ty="-15.525000"/>
  </frame>
  <frame idx="325" w="483" h="462" x="-81.730469" y="-119.187881">
   <element name="chum_pouch01" layername="chum_pouc" frame="2" z_index="2" m_a="-0.178438" m_b="-0.723106" m_c="1.085626" m_d="-0.267895" m_tx="-37.864906" m_ty="-19.444799"/>
   <element name="chum_pouch01" layername="chum_pouc" frame="1" z_index="3" m_a="0.506694" m_b="-0.853359" m_c="0.856104" m_d="0.508324" m_tx="-0.404332" m_ty="0.404332"/>
   <element name="chum_pouch01" layername="chum_pouc" frame="2" z_index="4" m_a="-0.537454" m_b="-0.841547" m_c="0.831848" m_d="-0.531260" m_tx="-59.069118" m_ty="-13.249265"/>
   <element name="chum_pouch01" layername="chum_pouc" frame="2" z_index="5" m_a="-0.893281" m_b="-0.336300" m_c="0.315702" m_d="-0.838567" m_tx="-61.439705" m_ty="-6.438981"/>
   <element name="chum_pouch01" layername="chum_pouc" frame="2" z_index="6" m_a="0.150090" m_b="0.940738" m_c="0.877290" m_d="-0.139968" m_tx="-58.688969" m_ty="-16.536030"/>
  </frame>
  <frame idx="350" w="481" h="465" x="-79.679794" y="-120.658752">
   <element name="chum_pouch01" layername="chum_pouc" frame="2" z_index="2" m_a="-0.146038" m_b="-0.729757" m_c="1.096426" m_d="-0.219415" m_tx="-37.190350" m_ty="-20.462849"/>
   <element name="chum_pouch01" layername="chum_pouc" frame="1" z_index="3" m_a="0.542843" m_b="-0.829184" m_c="0.834842" m_d="0.546547" m_tx="-0.390077" m_ty="0.390077"/>
   <element name="chum_pouch01" layername="chum_pouc" frame="2" z_index="4" m_a="-0.504342" m_b="-0.859830" m_c="0.854880" m_d="-0.501439" m_tx="-58.101517" m_ty="-15.563685"/>
   <element name="chum_pouch01" layername="chum_pouc" frame="2" z_index="5" m_a="-0.881445" m_b="-0.363566" m_c="0.342299" m_d="-0.829886" m_tx="-60.890862" m_ty="-8.665205"/>
   <element name="chum_pouch01" layername="chum_pouc" frame="2" z_index="6" m_a="0.078588" m_b="0.947947" m_c="0.886330" m_d="-0.073480" m_tx="-57.362122" m_ty="-18.524290"/>
  </frame>
  <frame idx="375" w="471" h="466" x="-75.697678" y="-122.421555">
   <element name="chum_pouch01" layername="chum_pouc" frame="2" z_index="2" m_a="-0.093051" m_b="-0.738161" m_c="1.109107" m_d="-0.139812" m_tx="-36.014137" m_ty="-22.031130"/>
   <element name="chum_pouch01" layername="chum_pouc" frame="1" z_index="3" m_a="0.581132" m_b="-0.794576" m_c="0.809813" m_d="0.592276" m_tx="-0.372296" m_ty="0.372296"/>
   <element name="chum_pouch01" layername="chum_pouc" frame="2" z_index="4" m_a="-0.416067" m_b="-0.904936" m_c="0.900871" m_d="-0.414198" m_tx="-56.230278" m_ty="-18.971313"/>
   <element name="chum_pouch01" layername="chum_pouc" frame="2" z_index="5" m_a="-0.848127" m_b="-0.433378" m_c="0.408151" m_d="-0.798759" m_tx="-59.343864" m_ty="-12.227372"/>
   <element name="chum_pouch01" layername="chum_pouc" frame="2" z_index="6" m_a="-0.002622" m_b="0.950797" m_c="0.889829" m_d="0.002454" m_tx="-55.190884" m_ty="-21.474342"/>
  </frame>
  <frame idx="400" w="450" h="458" x="-68.222748" y="-119.612015">
   <element name="chum_pouch01" layername="chum_pouc" frame="2" z_index="2" m_a="-0.017956" m_b="-0.743471" m_c="1.117164" m_d="-0.026981" m_tx="-34.362701" m_ty="-24.233101"/>
   <element name="chum_pouch01" layername="chum_pouc" frame="1" z_index="3" m_a="0.626771" m_b="-0.748074" m_c="0.774351" m_d="0.648787" m_tx="-0.349677" m_ty="0.349677"/>
   <element name="chum_pouch01" layername="chum_pouc" frame="2" z_index="4" m_a="-0.234780" m_b="-0.967656" m_c="0.959668" m_d="-0.232842" m_tx="-53.199902" m_ty="-23.100100"/>
   <element name="chum_pouch01" layername="chum_pouc" frame="2" z_index="5" m_a="-0.774511" m_b="-0.553371" m_c="0.516900" m_d="-0.723465" m_tx="-56.200001" m_ty="-17.000099"/>
   <element name="chum_pouch01" layername="chum_pouc" frame="2" z_index="6" m_a="-0.056638" m_b="0.948658" m_c="0.886420" m_d="0.052922" m_tx="-52.349899" m_ty="-25.300100"/>
  </frame>
  <frame idx="425" w="432" h="467" x="-62.208771" y="-117.405960">
   <element name="chum_pouch01" layername="chum_pouc" frame="2" z_index="2" m_a="0.086551" m_b="-0.738194" m_c="1.109340" m_d="0.130067" m_tx="-32.065128" m_ty="-27.296482"/>
   <element name="chum_pouch01" layername="chum_pouc" frame="1" z_index="3" m_a="0.680983" m_b="-0.683545" m_c="0.722096" m_d="0.719390" m_tx="-0.320126" m_ty="0.320126"/>
   <element name="chum_pouch01" layername="chum_pouc" frame="2" z_index="4" m_a="-0.188078" m_b="-0.978115" m_c="0.974096" m_d="-0.187305" m_tx="-49.744019" m_ty="-28.761864"/>
   <element name="chum_pouch01" layername="chum_pouc" frame="2" z_index="5" m_a="-0.712298" m_b="-0.630566" m_c="0.592025" m_d="-0.668761" m_tx="-53.516102" m_ty="-23.507452"/>
   <element name="chum_pouch01" layername="chum_pouc" frame="2" z_index="6" m_a="-0.232333" m_b="0.920538" m_c="0.863085" m_d="0.217832" m_tx="-48.599899" m_ty="-30.410393"/>
  </frame>
  <frame idx="450" w="396" h="476" x="-52.439865" y="-120.329483">
   <element name="chum_pouch01" layername="chum_pouc" frame="2" z_index="2" m_a="0.208460" m_b="-0.712876" m_c="1.071411" m_d="0.313303" m_tx="-29.328522" m_ty="-30.945190"/>
   <element name="chum_pouch01" layername="chum_pouc" frame="1" z_index="3" m_a="0.737245" m_b="-0.601783" m_c="0.651375" m_d="0.798000" m_tx="-0.284889" m_ty="0.284889"/>
   <element name="chum_pouch01" layername="chum_pouc" frame="2" z_index="4" m_a="-0.037678" m_b="-0.995240" m_c="0.987067" m_d="-0.037368" m_tx="-45.566566" m_ty="-35.745556"/>
   <element name="chum_pouch01" layername="chum_pouc" frame="2" z_index="5" m_a="-0.591790" m_b="-0.744958" m_c="0.698179" m_d="-0.554629" m_tx="-49.737778" m_ty="-31.256161"/>
   <element name="chum_pouch01" layername="chum_pouc" frame="2" z_index="6" m_a="-0.361797" m_b="0.877321" m_c="0.822004" m_d="0.338985" m_tx="-44.146870" m_ty="-36.419796"/>
  </frame>
  <frame idx="475" w="355" h="490" x="-42.298981" y="-121.600601">
   <element name="chum_pouch01" layername="chum_pouc" frame="2" z_index="2" m_a="0.342459" m_b="-0.658610" m_c="0.989900" m_d="0.514722" m_tx="-25.376524" m_ty="-34.716820"/>
   <element name="chum_pouch01" layername="chum_pouc" frame="1" z_index="3" m_a="0.790614" m_b="-0.501689" m_c="0.558631" m_d="0.880348" m_tx="-0.244012" m_ty="0.244012"/>
   <element name="chum_pouch01" layername="chum_pouc" frame="2" z_index="4" m_a="0.168895" m_b="-0.980914" m_c="0.968103" m_d="0.166689" m_tx="-39.880203" m_ty="-42.830402"/>
   <element name="chum_pouch01" layername="chum_pouc" frame="2" z_index="5" m_a="-0.404901" m_b="-0.861110" m_c="0.804707" m_d="-0.378380" m_tx="-44.386265" m_ty="-39.497093"/>
   <element name="chum_pouch01" layername="chum_pouc" frame="2" z_index="6" m_a="-0.501802" m_b="0.804904" m_c="0.752737" m_d="0.469279" m_tx="-38.134747" m_ty="-42.995556"/>
  </frame>
  <frame idx="500" w="381" h="489" x="-55.544464" y="-115.360077">
   <element name="chum_pouch01" layername="chum_pouc" frame="2" z_index="2" m_a="0.478296" m_b="-0.567615" m_c="0.853048" m_d="0.718814" m_tx="-19.366600" m_ty="-38.049999"/>
   <element name="chum_pouch01" layername="chum_pouc" frame="1" z_index="3" m_a="0.834974" m_b="-0.384140" m_c="0.441676" m_d="0.960033" m_tx="-0.197948" m_ty="0.197948"/>
   <element name="chum_pouch01" layername="chum_pouc" frame="2" z_index="4" m_a="0.363121" m_b="-0.925391" m_c="0.916493" m_d="0.359629" m_tx="-31.849899" m_ty="-48.550098"/>
   <element name="chum_pouch01" layername="chum_pouc" frame="2" z_index="5" m_a="-0.162067" m_b="-0.937061" m_c="0.878322" m_d="-0.151908" m_tx="-36.999901" m_ty="-47.300201"/>
   <element name="chum_pouch01" layername="chum_pouc" frame="2" z_index="6" m_a="-0.694922" m_b="0.643708" m_c="0.602275" m_d="0.650193" m_tx="-29.649900" m_ty="-49.700100"/>
  </frame>
  <frame idx="525" w="384" h="488" x="-64.987900" y="-109.611252">
   <element name="chum_pouch01" layername="chum_pouc" frame="2" z_index="2" m_a="0.587983" m_b="-0.452925" m_c="0.680615" m_d="0.883566" m_tx="-13.533365" m_ty="-41.285294"/>
   <element name="chum_pouch01" layername="chum_pouc" frame="1" z_index="3" m_a="0.864472" m_b="-0.249756" m_c="0.297693" m_d="1.030398" m_tx="-0.146502" m_ty="0.146502"/>
   <element name="chum_pouch01" layername="chum_pouc" frame="2" z_index="4" m_a="0.576247" m_b="-0.809312" m_c="0.797142" m_d="0.567582" m_tx="-24.019016" m_ty="-55.535393"/>
   <element name="chum_pouch01" layername="chum_pouc" frame="2" z_index="5" m_a="-0.002354" m_b="-0.951238" m_c="0.889434" m_d="-0.002202" m_tx="-30.198431" m_ty="-56.233952"/>
   <element name="chum_pouch01" layername="chum_pouc" frame="2" z_index="6" m_a="-0.798512" m_b="0.509786" m_c="0.476396" m_d="0.746212" m_tx="-21.451370" m_ty="-56.207451"/>
  </frame>
  <frame idx="550" w="393" h="500" x="-65.915039" y="-109.683960">
   <element name="chum_pouch01" layername="chum_pouc" frame="2" z_index="2" m_a="0.672087" m_b="-0.314758" m_c="0.472940" m_d="1.009844" m_tx="-7.586903" m_ty="-44.583332"/>
   <element name="chum_pouch01" layername="chum_pouc" frame="1" z_index="3" m_a="0.872711" m_b="-0.102647" m_c="0.127306" m_d="1.082356" m_tx="-0.090172" m_ty="0.090172"/>
   <element name="chum_pouch01" layername="chum_pouc" frame="2" z_index="4" m_a="0.730462" m_b="-0.673964" m_c="0.665428" m_d="0.721210" m_tx="-16.084797" m_ty="-62.680351"/>
   <element name="chum_pouch01" layername="chum_pouc" frame="2" z_index="5" m_a="0.168974" m_b="-0.936248" m_c="0.876792" m_d="0.158243" m_tx="-22.828737" m_ty="-64.419746"/>
   <element name="chum_pouch01" layername="chum_pouc" frame="2" z_index="6" m_a="-0.888530" m_b="0.330414" m_c="0.308577" m_d="0.829805" m_tx="-13.069646" m_ty="-62.816715"/>
  </frame>
  <frame idx="575" w="398" h="503" x="-62.179077" y="-109.192474">
   <element name="chum_pouch01" layername="chum_pouc" frame="2" z_index="2" m_a="0.711556" m_b="-0.210714" m_c="0.316586" m_d="1.069069" m_tx="-3.500000" m_ty="-46.849998"/>
   <element name="chum_pouch01" layername="chum_pouc" frame="1" z_index="3" m_a="0.863678" m_b="0.000000" m_c="0.000000" m_d="1.102140" m_tx="-0.050000" m_ty="0.050000"/>
   <element name="chum_pouch01" layername="chum_pouc" frame="2" z_index="4" m_a="0.809960" m_b="-0.577073" m_c="0.572413" m_d="0.803418" m_tx="-10.650000" m_ty="-67.599998"/>
   <element name="chum_pouch01" layername="chum_pouc" frame="2" z_index="5" m_a="0.286924" m_b="-0.907117" m_c="0.851719" m_d="0.269401" m_tx="-17.600000" m_ty="-69.699997"/>
   <element name="chum_pouch01" layername="chum_pouc" frame="2" z_index="6" m_a="-0.929850" m_b="0.187565" m_c="0.175131" m_d="0.868210" m_tx="-7.300000" m_ty="-67.349998"/>
  </frame>
 </anim>
</Anims>
