<Anims>
 <anim name="frame" root="wendy_ghost_power" numframes="750" framerate="40">
  <frame idx="0" w="53" h="60" x="-16.200481" y="-16.600531">
   <element name="icon" layername="icon" frame="0" z_index="1" m_a="0.499985" m_b="0.000000" m_c="0.000000" m_d="0.499985" m_tx="0.000000" m_ty="0.000000"/>
  </frame>
  <frame idx="25" w="53" h="60" x="-16.200481" y="-16.600531">
   <element name="icon" layername="icon" frame="0" z_index="1" m_a="0.499985" m_b="0.000000" m_c="0.000000" m_d="0.499985" m_tx="0.000000" m_ty="0.000000"/>
  </frame>
  <frame idx="50" w="53" h="60" x="-16.200481" y="-16.600531">
   <element name="icon" layername="icon" frame="0" z_index="1" m_a="0.499985" m_b="0.000000" m_c="0.000000" m_d="0.499985" m_tx="0.000000" m_ty="0.000000"/>
  </frame>
  <frame idx="75" w="53" h="60" x="-16.200481" y="-16.600531">
   <element name="icon" layername="icon" frame="0" z_index="1" m_a="0.499985" m_b="0.000000" m_c="0.000000" m_d="0.499985" m_tx="0.000000" m_ty="0.000000"/>
  </frame>
  <frame idx="100" w="53" h="60" x="-16.200481" y="-16.600531">
   <element name="icon" layername="icon" frame="0" z_index="1" m_a="0.499985" m_b="0.000000" m_c="0.000000" m_d="0.499985" m_tx="0.000000" m_ty="0.000000"/>
  </frame>
  <frame idx="125" w="53" h="60" x="-16.200481" y="-16.600531">
   <element name="icon" layername="icon" frame="0" z_index="1" m_a="0.499985" m_b="0.000000" m_c="0.000000" m_d="0.499985" m_tx="0.000000" m_ty="0.000000"/>
  </frame>
  <frame idx="150" w="53" h="60" x="-16.200481" y="-16.600531">
   <element name="icon" layername="icon" frame="0" z_index="1" m_a="0.499985" m_b="0.000000" m_c="0.000000" m_d="0.499985" m_tx="0.000000" m_ty="0.000000"/>
  </frame>
  <frame idx="175" w="53" h="60" x="-16.200481" y="-16.600531">
   <element name="icon" layername="icon" frame="0" z_index="1" m_a="0.499985" m_b="0.000000" m_c="0.000000" m_d="0.499985" m_tx="0.000000" m_ty="0.000000"/>
  </frame>
  <frame idx="200" w="53" h="60" x="-16.200481" y="-16.600531">
   <element name="icon" layername="icon" frame="0" z_index="1" m_a="0.499985" m_b="0.000000" m_c="0.000000" m_d="0.499985" m_tx="0.000000" m_ty="0.000000"/>
  </frame>
  <frame idx="225" w="53" h="60" x="-16.200481" y="-16.600531">
   <element name="icon" layername="icon" frame="0" z_index="1" m_a="0.499985" m_b="0.000000" m_c="0.000000" m_d="0.499985" m_tx="0.000000" m_ty="0.000000"/>
  </frame>
  <frame idx="250" w="53" h="60" x="-16.200481" y="-16.600531">
   <element name="icon" layername="icon" frame="0" z_index="1" m_a="0.499985" m_b="0.000000" m_c="0.000000" m_d="0.499985" m_tx="0.000000" m_ty="0.000000"/>
  </frame>
  <frame idx="275" w="53" h="60" x="-16.200481" y="-16.600531">
   <element name="icon" layername="icon" frame="0" z_index="1" m_a="0.499985" m_b="0.000000" m_c="0.000000" m_d="0.499985" m_tx="0.000000" m_ty="0.000000"/>
  </frame>
  <frame idx="300" w="53" h="60" x="-16.200481" y="-16.600531">
   <element name="icon" layername="icon" frame="0" z_index="1" m_a="0.499985" m_b="0.000000" m_c="0.000000" m_d="0.499985" m_tx="0.000000" m_ty="0.000000"/>
  </frame>
  <frame idx="325" w="53" h="60" x="-16.200481" y="-16.600531">
   <element name="icon" layername="icon" frame="0" z_index="1" m_a="0.499985" m_b="0.000000" m_c="0.000000" m_d="0.499985" m_tx="0.000000" m_ty="0.000000"/>
  </frame>
  <frame idx="350" w="53" h="60" x="-16.200481" y="-16.600531">
   <element name="icon" layername="icon" frame="0" z_index="1" m_a="0.499985" m_b="0.000000" m_c="0.000000" m_d="0.499985" m_tx="0.000000" m_ty="0.000000"/>
  </frame>
  <frame idx="375" w="53" h="60" x="-16.200481" y="-16.600531">
   <element name="icon" layername="icon" frame="0" z_index="1" m_a="0.499985" m_b="0.000000" m_c="0.000000" m_d="0.499985" m_tx="0.000000" m_ty="0.000000"/>
  </frame>
  <frame idx="400" w="53" h="60" x="-16.200481" y="-16.600531">
   <element name="icon" layername="icon" frame="0" z_index="1" m_a="0.499985" m_b="0.000000" m_c="0.000000" m_d="0.499985" m_tx="0.000000" m_ty="0.000000"/>
  </frame>
  <frame idx="425" w="53" h="60" x="-16.200481" y="-16.600531">
   <element name="icon" layername="icon" frame="0" z_index="1" m_a="0.499985" m_b="0.000000" m_c="0.000000" m_d="0.499985" m_tx="0.000000" m_ty="0.000000"/>
  </frame>
  <frame idx="450" w="53" h="60" x="-16.200481" y="-16.600531">
   <element name="icon" layername="icon" frame="0" z_index="1" m_a="0.499985" m_b="0.000000" m_c="0.000000" m_d="0.499985" m_tx="0.000000" m_ty="0.000000"/>
  </frame>
  <frame idx="475" w="53" h="60" x="-16.200481" y="-16.600531">
   <element name="icon" layername="icon" frame="0" z_index="1" m_a="0.499985" m_b="0.000000" m_c="0.000000" m_d="0.499985" m_tx="0.000000" m_ty="0.000000"/>
  </frame>
  <frame idx="500" w="53" h="60" x="-16.200481" y="-16.600531">
   <element name="icon" layername="icon" frame="0" z_index="1" m_a="0.499985" m_b="0.000000" m_c="0.000000" m_d="0.499985" m_tx="0.000000" m_ty="0.000000"/>
  </frame>
  <frame idx="525" w="53" h="60" x="-16.200481" y="-16.600531">
   <element name="icon" layername="icon" frame="0" z_index="1" m_a="0.499985" m_b="0.000000" m_c="0.000000" m_d="0.499985" m_tx="0.000000" m_ty="0.000000"/>
  </frame>
  <frame idx="550" w="53" h="60" x="-16.200481" y="-16.600531">
   <element name="icon" layername="icon" frame="0" z_index="1" m_a="0.499985" m_b="0.000000" m_c="0.000000" m_d="0.499985" m_tx="0.000000" m_ty="0.000000"/>
  </frame>
  <frame idx="575" w="53" h="60" x="-16.200481" y="-16.600531">
   <element name="icon" layername="icon" frame="0" z_index="1" m_a="0.499985" m_b="0.000000" m_c="0.000000" m_d="0.499985" m_tx="0.000000" m_ty="0.000000"/>
  </frame>
  <frame idx="600" w="53" h="60" x="-16.200481" y="-16.600531">
   <element name="icon" layername="icon" frame="0" z_index="1" m_a="0.499985" m_b="0.000000" m_c="0.000000" m_d="0.499985" m_tx="0.000000" m_ty="0.000000"/>
  </frame>
  <frame idx="625" w="53" h="60" x="-16.200481" y="-16.600531">
   <element name="icon" layername="icon" frame="0" z_index="1" m_a="0.499985" m_b="0.000000" m_c="0.000000" m_d="0.499985" m_tx="0.000000" m_ty="0.000000"/>
  </frame>
  <frame idx="650" w="53" h="60" x="-16.200481" y="-16.600531">
   <element name="icon" layername="icon" frame="0" z_index="1" m_a="0.499985" m_b="0.000000" m_c="0.000000" m_d="0.499985" m_tx="0.000000" m_ty="0.000000"/>
  </frame>
  <frame idx="675" w="53" h="60" x="-16.200481" y="-16.600531">
   <element name="icon" layername="icon" frame="0" z_index="1" m_a="0.499985" m_b="0.000000" m_c="0.000000" m_d="0.499985" m_tx="0.000000" m_ty="0.000000"/>
  </frame>
  <frame idx="700" w="53" h="60" x="-16.200481" y="-16.600531">
   <element name="icon" layername="icon" frame="0" z_index="1" m_a="0.499985" m_b="0.000000" m_c="0.000000" m_d="0.499985" m_tx="0.000000" m_ty="0.000000"/>
  </frame>
  <frame idx="725" w="53" h="60" x="-16.200481" y="-16.600531">
   <element name="icon" layername="icon" frame="0" z_index="1" m_a="0.499985" m_b="0.000000" m_c="0.000000" m_d="0.499985" m_tx="0.000000" m_ty="0.000000"/>
  </frame>
 </anim>
</Anims>
