<Anims>
 <anim name="idle" root="wendy_last_food" numframes="1200" framerate="40">
  <frame idx="0" w="389" h="293" x="-101.514336" y="-65.733444">
   <element name="body" layername="body" frame="0" z_index="1" m_a="-0.758967" m_b="0.466683" m_c="-0.468054" m_d="-0.761196" m_tx="38.400002" m_ty="-27.900000"/>
   <element name="shadow" layername="shadow" frame="0" z_index="2" m_a="-0.964233" m_b="0.000000" m_c="0.000000" m_d="0.925491" m_tx="-7.250000" m_ty="16.250000"/>
  </frame>
  <frame idx="25" w="389" h="293" x="-101.514336" y="-65.733444">
   <element name="body" layername="body" frame="0" z_index="1" m_a="-0.758967" m_b="0.466683" m_c="-0.468054" m_d="-0.761196" m_tx="38.400002" m_ty="-27.900000"/>
   <element name="shadow" layername="shadow" frame="0" z_index="2" m_a="-0.964233" m_b="0.000000" m_c="0.000000" m_d="0.925491" m_tx="-7.250000" m_ty="16.250000"/>
  </frame>
  <frame idx="50" w="389" h="293" x="-101.514328" y="-65.733513">
   <element name="body" layername="body" frame="0" z_index="1" m_a="-0.758967" m_b="0.466682" m_c="-0.468054" m_d="-0.761198" m_tx="38.400002" m_ty="-27.900000"/>
   <element name="shadow" layername="shadow" frame="0" z_index="2" m_a="-0.964233" m_b="0.000000" m_c="0.000000" m_d="0.925491" m_tx="-7.250000" m_ty="16.250000"/>
  </frame>
  <frame idx="75" w="389" h="294" x="-101.553726" y="-66.118759">
   <element name="body" layername="body" frame="0" z_index="1" m_a="-0.756879" m_b="0.466414" m_c="-0.472454" m_d="-0.766679" m_tx="38.321213" m_ty="-28.018181"/>
   <element name="shadow" layername="shadow" frame="0" z_index="2" m_a="-0.964233" m_b="0.000000" m_c="0.000000" m_d="0.925491" m_tx="-7.250000" m_ty="16.250000"/>
  </frame>
  <frame idx="100" w="389" h="297" x="-101.676834" y="-67.319366">
   <element name="body" layername="body" frame="0" z_index="1" m_a="-0.750365" m_b="0.465555" m_c="-0.486270" m_d="-0.783754" m_tx="38.075001" m_ty="-28.387501"/>
   <element name="shadow" layername="shadow" frame="0" z_index="2" m_a="-0.964233" m_b="0.000000" m_c="0.000000" m_d="0.925491" m_tx="-7.250000" m_ty="16.250000"/>
  </frame>
  <frame idx="125" w="388" h="302" x="-101.796318" y="-68.480553">
   <element name="body" layername="body" frame="0" z_index="1" m_a="-0.744053" m_b="0.464685" m_c="-0.499787" m_d="-0.800258" m_tx="37.836029" m_ty="-28.745956"/>
   <element name="shadow" layername="shadow" frame="0" z_index="2" m_a="-0.964233" m_b="0.000000" m_c="0.000000" m_d="0.925491" m_tx="-7.250000" m_ty="16.250000"/>
  </frame>
  <frame idx="150" w="388" h="305" x="-101.918121" y="-69.659668">
   <element name="body" layername="body" frame="0" z_index="1" m_a="-0.737630" m_b="0.463765" m_c="-0.513669" m_d="-0.817004" m_tx="37.592422" m_ty="-29.111362"/>
   <element name="shadow" layername="shadow" frame="0" z_index="2" m_a="-0.964233" m_b="0.000000" m_c="0.000000" m_d="0.925491" m_tx="-7.250000" m_ty="16.250000"/>
  </frame>
  <frame idx="175" w="388" h="310" x="-102.041229" y="-70.846741">
   <element name="body" layername="body" frame="0" z_index="1" m_a="-0.731151" m_b="0.462800" m_c="-0.527807" m_d="-0.833851" m_tx="37.346210" m_ty="-29.480680"/>
   <element name="shadow" layername="shadow" frame="0" z_index="2" m_a="-0.964233" m_b="0.000000" m_c="0.000000" m_d="0.925491" m_tx="-7.250000" m_ty="16.250000"/>
  </frame>
  <frame idx="200" w="388" h="314" x="-102.164337" y="-72.029160">
   <element name="body" layername="body" frame="0" z_index="1" m_a="-0.724686" m_b="0.461801" m_c="-0.542051" m_d="-0.850620" m_tx="37.099998" m_ty="-29.850000"/>
   <element name="shadow" layername="shadow" frame="0" z_index="2" m_a="-0.964233" m_b="0.000000" m_c="0.000000" m_d="0.925491" m_tx="-7.250000" m_ty="16.250000"/>
  </frame>
  <frame idx="225" w="388" h="317" x="-102.283821" y="-73.172470">
   <element name="body" layername="body" frame="0" z_index="1" m_a="-0.718423" m_b="0.460796" m_c="-0.555981" m_d="-0.866823" m_tx="36.861031" m_ty="-30.208456"/>
   <element name="shadow" layername="shadow" frame="0" z_index="2" m_a="-0.964233" m_b="0.000000" m_c="0.000000" m_d="0.925491" m_tx="-7.250000" m_ty="16.250000"/>
  </frame>
  <frame idx="250" w="388" h="321" x="-102.405624" y="-74.333099">
   <element name="body" layername="body" frame="0" z_index="1" m_a="-0.712051" m_b="0.459739" m_c="-0.570281" m_d="-0.883259" m_tx="36.617424" m_ty="-30.573864"/>
   <element name="shadow" layername="shadow" frame="0" z_index="2" m_a="-0.964233" m_b="0.000000" m_c="0.000000" m_d="0.925491" m_tx="-7.250000" m_ty="16.250000"/>
  </frame>
  <frame idx="275" w="388" h="325" x="-102.528725" y="-75.501404">
   <element name="body" layername="body" frame="0" z_index="1" m_a="-0.705624" m_b="0.458636" m_c="-0.584839" m_d="-0.899791" m_tx="36.371212" m_ty="-30.943182"/>
   <element name="shadow" layername="shadow" frame="0" z_index="2" m_a="-0.964233" m_b="0.000000" m_c="0.000000" m_d="0.925491" m_tx="-7.250000" m_ty="16.250000"/>
  </frame>
  <frame idx="300" w="388" h="328" x="-102.651833" y="-76.665161">
   <element name="body" layername="body" frame="0" z_index="1" m_a="-0.699210" m_b="0.457498" m_c="-0.599506" m_d="-0.916246" m_tx="36.125000" m_ty="-31.312500"/>
   <element name="shadow" layername="shadow" frame="0" z_index="2" m_a="-0.964233" m_b="0.000000" m_c="0.000000" m_d="0.925491" m_tx="-7.250000" m_ty="16.250000"/>
  </frame>
  <frame idx="325" w="387" h="333" x="-102.771317" y="-77.789688">
   <element name="body" layername="body" frame="0" z_index="1" m_a="-0.692998" m_b="0.456360" m_c="-0.613839" m_d="-0.932134" m_tx="35.886028" m_ty="-31.670883"/>
   <element name="shadow" layername="shadow" frame="0" z_index="2" m_a="-0.964233" m_b="0.000000" m_c="0.000000" m_d="0.925491" m_tx="-7.250000" m_ty="16.250000"/>
  </frame>
  <frame idx="350" w="388" h="322" x="-102.529480" y="-74.517761">
   <element name="body" layername="body" frame="0" z_index="1" m_a="-0.712875" m_b="0.454584" m_c="-0.574686" m_d="-0.901219" m_tx="36.369698" m_ty="-28.805962"/>
   <element name="shadow" layername="shadow" frame="0" z_index="2" m_a="-0.964233" m_b="0.000000" m_c="0.000000" m_d="0.925491" m_tx="-7.250000" m_ty="16.250000"/>
  </frame>
  <frame idx="375" w="388" h="302" x="-102.084404" y="-68.637779">
   <element name="body" layername="body" frame="0" z_index="1" m_a="-0.747666" m_b="0.451289" m_c="-0.508052" m_d="-0.841707" m_tx="37.259850" m_ty="-24.127979"/>
   <element name="shadow" layername="shadow" frame="0" z_index="2" m_a="-0.964233" m_b="0.000000" m_c="0.000000" m_d="0.925491" m_tx="-7.250000" m_ty="16.250000"/>
  </frame>
  <frame idx="400" w="389" h="282" x="-101.639336" y="-62.597328">
   <element name="body" layername="body" frame="0" z_index="1" m_a="-0.782707" m_b="0.446557" m_c="-0.444725" m_d="-0.779496" m_tx="38.150002" m_ty="-19.450100"/>
   <element name="shadow" layername="shadow" frame="0" z_index="2" m_a="-0.964233" m_b="0.000000" m_c="0.000000" m_d="0.925491" m_tx="-7.250000" m_ty="16.250000"/>
  </frame>
  <frame idx="425" w="389" h="300" x="-101.492271" y="-67.893021">
   <element name="body" layername="body" frame="0" z_index="1" m_a="-0.743404" m_b="0.409475" m_c="-0.455576" m_d="-0.827101" m_tx="38.444118" m_ty="-24.376572"/>
   <element name="shadow" layername="shadow" frame="0" z_index="2" m_a="-0.964233" m_b="0.000000" m_c="0.000000" m_d="0.925491" m_tx="-7.250000" m_ty="16.250000"/>
  </frame>
  <frame idx="450" w="389" h="305" x="-101.331604" y="-69.590477">
   <element name="body" layername="body" frame="0" z_index="1" m_a="-0.746144" m_b="0.399381" m_c="-0.444979" m_d="-0.831332" m_tx="38.765465" m_ty="-27.267920"/>
   <element name="shadow" layername="shadow" frame="0" z_index="2" m_a="-0.964233" m_b="0.000000" m_c="0.000000" m_d="0.925491" m_tx="-7.250000" m_ty="16.250000"/>
  </frame>
  <frame idx="475" w="389" h="304" x="-101.184807" y="-69.281456">
   <element name="body" layername="body" frame="0" z_index="1" m_a="-0.769580" m_b="0.403054" m_c="-0.425973" m_d="-0.813340" m_tx="39.059055" m_ty="-28.790945"/>
   <element name="shadow" layername="shadow" frame="0" z_index="2" m_a="-0.964233" m_b="0.000000" m_c="0.000000" m_d="0.925491" m_tx="-7.250000" m_ty="16.250000"/>
  </frame>
  <frame idx="500" w="389" h="304" x="-101.083786" y="-69.059235">
   <element name="body" layername="body" frame="0" z_index="1" m_a="-0.785775" m_b="0.405361" m_c="-0.413111" m_d="-0.800799" m_tx="39.261101" m_ty="-29.838900"/>
   <element name="shadow" layername="shadow" frame="0" z_index="2" m_a="-0.964233" m_b="0.000000" m_c="0.000000" m_d="0.925491" m_tx="-7.250000" m_ty="16.250000"/>
  </frame>
  <frame idx="525" w="389" h="303" x="-101.051102" y="-68.985703">
   <element name="body" layername="body" frame="0" z_index="1" m_a="-0.791028" m_b="0.406067" m_c="-0.408986" m_d="-0.796714" m_tx="39.326466" m_ty="-30.177944"/>
   <element name="shadow" layername="shadow" frame="0" z_index="2" m_a="-0.964233" m_b="0.000000" m_c="0.000000" m_d="0.925491" m_tx="-7.250000" m_ty="16.250000"/>
  </frame>
  <frame idx="550" w="389" h="302" x="-101.036301" y="-68.637383">
   <element name="body" layername="body" frame="0" z_index="1" m_a="-0.792151" m_b="0.407804" m_c="-0.408997" m_d="-0.794469" m_tx="39.356060" m_ty="-29.748486"/>
   <element name="shadow" layername="shadow" frame="0" z_index="2" m_a="-0.964233" m_b="0.000000" m_c="0.000000" m_d="0.925491" m_tx="-7.250000" m_ty="16.250000"/>
  </frame>
  <frame idx="575" w="389" h="300" x="-101.028542" y="-67.812363">
   <element name="body" layername="body" frame="0" z_index="1" m_a="-0.790169" m_b="0.411607" m_c="-0.412811" m_d="-0.792479" m_tx="39.371590" m_ty="-28.335228"/>
   <element name="shadow" layername="shadow" frame="0" z_index="2" m_a="-0.964233" m_b="0.000000" m_c="0.000000" m_d="0.925491" m_tx="-7.250000" m_ty="16.250000"/>
  </frame>
  <frame idx="600" w="389" h="294" x="-101.014328" y="-66.300354">
   <element name="body" layername="body" frame="0" z_index="1" m_a="-0.786496" m_b="0.418540" m_c="-0.419762" m_d="-0.788792" m_tx="39.400002" m_ty="-25.750000"/>
   <element name="shadow" layername="shadow" frame="0" z_index="2" m_a="-0.964233" m_b="0.000000" m_c="0.000000" m_d="0.925491" m_tx="-7.250000" m_ty="16.250000"/>
  </frame>
  <frame idx="625" w="389" h="283" x="-100.995949" y="-62.961838">
   <element name="body" layername="body" frame="0" z_index="1" m_a="-0.784515" m_b="0.423356" m_c="-0.400053" m_d="-0.741332" m_tx="39.436768" m_ty="-24.720661"/>
   <element name="shadow" layername="shadow" frame="0" z_index="2" m_a="-0.964233" m_b="0.000000" m_c="0.000000" m_d="0.925491" m_tx="-7.250000" m_ty="16.250000"/>
  </frame>
  <frame idx="650" w="389" h="284" x="-101.116608" y="-63.167801">
   <element name="body" layername="body" frame="0" z_index="1" m_a="-0.780849" m_b="0.430115" m_c="-0.405686" m_d="-0.736500" m_tx="39.195454" m_ty="-25.707626"/>
   <element name="shadow" layername="shadow" frame="0" z_index="2" m_a="-0.964233" m_b="0.000000" m_c="0.000000" m_d="0.925491" m_tx="-7.250000" m_ty="16.250000"/>
  </frame>
  <frame idx="675" w="389" h="291" x="-101.315468" y="-65.345276">
   <element name="body" layername="body" frame="0" z_index="1" m_a="-0.776182" m_b="0.437930" m_c="-0.426132" m_d="-0.755271" m_tx="38.797726" m_ty="-27.828789"/>
   <element name="shadow" layername="shadow" frame="0" z_index="2" m_a="-0.964233" m_b="0.000000" m_c="0.000000" m_d="0.925491" m_tx="-7.250000" m_ty="16.250000"/>
  </frame>
  <frame idx="700" w="389" h="299" x="-101.514328" y="-67.502350">
   <element name="body" layername="body" frame="0" z_index="1" m_a="-0.771438" m_b="0.445695" m_c="-0.447002" m_d="-0.773699" m_tx="38.400002" m_ty="-29.950001"/>
   <element name="shadow" layername="shadow" frame="0" z_index="2" m_a="-0.964233" m_b="0.000000" m_c="0.000000" m_d="0.925491" m_tx="-7.250000" m_ty="16.250000"/>
  </frame>
  <frame idx="725" w="389" h="296" x="-101.495949" y="-66.864014">
   <element name="body" layername="body" frame="0" z_index="1" m_a="-0.766908" m_b="0.453444" m_c="-0.454769" m_d="-0.769150" m_tx="38.436768" m_ty="-29.214706"/>
   <element name="shadow" layername="shadow" frame="0" z_index="2" m_a="-0.964233" m_b="0.000000" m_c="0.000000" m_d="0.925491" m_tx="-7.250000" m_ty="16.250000"/>
  </frame>
  <frame idx="750" w="389" h="292" x="-101.174179" y="-65.533142">
   <element name="body" layername="body" frame="0" z_index="1" m_a="-0.759305" m_b="0.467669" m_c="-0.468604" m_d="-0.760822" m_tx="39.080303" m_ty="-27.543940"/>
   <element name="shadow" layername="shadow" frame="0" z_index="2" m_a="-0.964233" m_b="0.000000" m_c="0.000000" m_d="0.925491" m_tx="-7.250000" m_ty="16.250000"/>
  </frame>
  <frame idx="775" w="389" h="289" x="-100.893875" y="-64.466072">
   <element name="body" layername="body" frame="0" z_index="1" m_a="-0.753300" m_b="0.478693" m_c="-0.479255" m_d="-0.754186" m_tx="39.640907" m_ty="-26.199503"/>
   <element name="shadow" layername="shadow" frame="0" z_index="2" m_a="-0.964233" m_b="0.000000" m_c="0.000000" m_d="0.925491" m_tx="-7.250000" m_ty="16.250000"/>
  </frame>
  <frame idx="800" w="389" h="290" x="-101.064331" y="-64.815506">
   <element name="body" layername="body" frame="0" z_index="1" m_a="-0.754881" m_b="0.475392" m_c="-0.476181" m_d="-0.756133" m_tx="39.299999" m_ty="-26.666700"/>
   <element name="shadow" layername="shadow" frame="0" z_index="2" m_a="-0.964233" m_b="0.000000" m_c="0.000000" m_d="0.925491" m_tx="-7.250000" m_ty="16.250000"/>
  </frame>
  <frame idx="825" w="389" h="291" x="-101.229774" y="-65.153595">
   <element name="body" layername="body" frame="0" z_index="1" m_a="-0.756395" m_b="0.472194" m_c="-0.473199" m_d="-0.758005" m_tx="38.969116" m_ty="-27.120083"/>
   <element name="shadow" layername="shadow" frame="0" z_index="2" m_a="-0.964233" m_b="0.000000" m_c="0.000000" m_d="0.925491" m_tx="-7.250000" m_ty="16.250000"/>
  </frame>
  <frame idx="850" w="389" h="292" x="-101.398422" y="-65.497498">
   <element name="body" layername="body" frame="0" z_index="1" m_a="-0.757924" m_b="0.468929" m_c="-0.470152" m_d="-0.759901" m_tx="38.631817" m_ty="-27.582306"/>
   <element name="shadow" layername="shadow" frame="0" z_index="2" m_a="-0.964233" m_b="0.000000" m_c="0.000000" m_d="0.925491" m_tx="-7.250000" m_ty="16.250000"/>
  </frame>
  <frame idx="875" w="389" h="293" x="-101.514336" y="-65.733444">
   <element name="body" layername="body" frame="0" z_index="1" m_a="-0.758967" m_b="0.466683" m_c="-0.468054" m_d="-0.761196" m_tx="38.400002" m_ty="-27.900000"/>
   <element name="shadow" layername="shadow" frame="0" z_index="2" m_a="-0.964233" m_b="0.000000" m_c="0.000000" m_d="0.925491" m_tx="-7.250000" m_ty="16.250000"/>
  </frame>
  <frame idx="900" w="389" h="293" x="-101.514336" y="-65.733444">
   <element name="body" layername="body" frame="0" z_index="1" m_a="-0.758967" m_b="0.466683" m_c="-0.468054" m_d="-0.761196" m_tx="38.400002" m_ty="-27.900000"/>
   <element name="shadow" layername="shadow" frame="0" z_index="2" m_a="-0.964233" m_b="0.000000" m_c="0.000000" m_d="0.925491" m_tx="-7.250000" m_ty="16.250000"/>
  </frame>
  <frame idx="925" w="389" h="293" x="-101.514336" y="-65.733444">
   <element name="body" layername="body" frame="0" z_index="1" m_a="-0.758967" m_b="0.466683" m_c="-0.468054" m_d="-0.761196" m_tx="38.400002" m_ty="-27.900000"/>
   <element name="shadow" layername="shadow" frame="0" z_index="2" m_a="-0.964233" m_b="0.000000" m_c="0.000000" m_d="0.925491" m_tx="-7.250000" m_ty="16.250000"/>
  </frame>
  <frame idx="950" w="389" h="293" x="-101.514336" y="-65.733444">
   <element name="body" layername="body" frame="0" z_index="1" m_a="-0.758967" m_b="0.466683" m_c="-0.468054" m_d="-0.761196" m_tx="38.400002" m_ty="-27.900000"/>
   <element name="shadow" layername="shadow" frame="0" z_index="2" m_a="-0.964233" m_b="0.000000" m_c="0.000000" m_d="0.925491" m_tx="-7.250000" m_ty="16.250000"/>
  </frame>
  <frame idx="975" w="389" h="293" x="-101.514336" y="-65.733444">
   <element name="body" layername="body" frame="0" z_index="1" m_a="-0.758967" m_b="0.466683" m_c="-0.468054" m_d="-0.761196" m_tx="38.400002" m_ty="-27.900000"/>
   <element name="shadow" layername="shadow" frame="0" z_index="2" m_a="-0.964233" m_b="0.000000" m_c="0.000000" m_d="0.925491" m_tx="-7.250000" m_ty="16.250000"/>
  </frame>
  <frame idx="1000" w="389" h="293" x="-101.514336" y="-65.733444">
   <element name="body" layername="body" frame="0" z_index="1" m_a="-0.758967" m_b="0.466683" m_c="-0.468054" m_d="-0.761196" m_tx="38.400002" m_ty="-27.900000"/>
   <element name="shadow" layername="shadow" frame="0" z_index="2" m_a="-0.964233" m_b="0.000000" m_c="0.000000" m_d="0.925491" m_tx="-7.250000" m_ty="16.250000"/>
  </frame>
  <frame idx="1025" w="389" h="293" x="-101.514336" y="-65.733444">
   <element name="body" layername="body" frame="0" z_index="1" m_a="-0.758967" m_b="0.466683" m_c="-0.468054" m_d="-0.761196" m_tx="38.400002" m_ty="-27.900000"/>
   <element name="shadow" layername="shadow" frame="0" z_index="2" m_a="-0.964233" m_b="0.000000" m_c="0.000000" m_d="0.925491" m_tx="-7.250000" m_ty="16.250000"/>
  </frame>
  <frame idx="1050" w="389" h="293" x="-101.514336" y="-65.733444">
   <element name="body" layername="body" frame="0" z_index="1" m_a="-0.758967" m_b="0.466683" m_c="-0.468054" m_d="-0.761196" m_tx="38.400002" m_ty="-27.900000"/>
   <element name="shadow" layername="shadow" frame="0" z_index="2" m_a="-0.964233" m_b="0.000000" m_c="0.000000" m_d="0.925491" m_tx="-7.250000" m_ty="16.250000"/>
  </frame>
  <frame idx="1075" w="389" h="293" x="-101.514336" y="-65.733444">
   <element name="body" layername="body" frame="0" z_index="1" m_a="-0.758967" m_b="0.466683" m_c="-0.468054" m_d="-0.761196" m_tx="38.400002" m_ty="-27.900000"/>
   <element name="shadow" layername="shadow" frame="0" z_index="2" m_a="-0.964233" m_b="0.000000" m_c="0.000000" m_d="0.925491" m_tx="-7.250000" m_ty="16.250000"/>
  </frame>
  <frame idx="1100" w="389" h="293" x="-101.514336" y="-65.733444">
   <element name="body" layername="body" frame="0" z_index="1" m_a="-0.758967" m_b="0.466683" m_c="-0.468054" m_d="-0.761196" m_tx="38.400002" m_ty="-27.900000"/>
   <element name="shadow" layername="shadow" frame="0" z_index="2" m_a="-0.964233" m_b="0.000000" m_c="0.000000" m_d="0.925491" m_tx="-7.250000" m_ty="16.250000"/>
  </frame>
  <frame idx="1125" w="389" h="293" x="-101.514336" y="-65.733444">
   <element name="body" layername="body" frame="0" z_index="1" m_a="-0.758967" m_b="0.466683" m_c="-0.468054" m_d="-0.761196" m_tx="38.400002" m_ty="-27.900000"/>
   <element name="shadow" layername="shadow" frame="0" z_index="2" m_a="-0.964233" m_b="0.000000" m_c="0.000000" m_d="0.925491" m_tx="-7.250000" m_ty="16.250000"/>
  </frame>
  <frame idx="1150" w="389" h="293" x="-101.514336" y="-65.733444">
   <element name="body" layername="body" frame="0" z_index="1" m_a="-0.758967" m_b="0.466683" m_c="-0.468054" m_d="-0.761196" m_tx="38.400002" m_ty="-27.900000"/>
   <element name="shadow" layername="shadow" frame="0" z_index="2" m_a="-0.964233" m_b="0.000000" m_c="0.000000" m_d="0.925491" m_tx="-7.250000" m_ty="16.250000"/>
  </frame>
  <frame idx="1175" w="389" h="293" x="-101.514336" y="-65.733444">
   <element name="body" layername="body" frame="0" z_index="1" m_a="-0.758967" m_b="0.466683" m_c="-0.468054" m_d="-0.761196" m_tx="38.400002" m_ty="-27.900000"/>
   <element name="shadow" layername="shadow" frame="0" z_index="2" m_a="-0.964233" m_b="0.000000" m_c="0.000000" m_d="0.925491" m_tx="-7.250000" m_ty="16.250000"/>
  </frame>
 </anim>
</Anims>
