<Anims>
 <anim name="idle" root="sisturn_salt_marks" numframes="400" framerate="40">
  <frame idx="0" w="360" h="205" x="6.400162" y="-15.149925">
   <element name="x_spot" layername="x_spot" frame="0" z_index="1" m_a="1.000000" m_b="0.000000" m_c="0.000000" m_d="1.000000" m_tx="-0.100000" m_ty="-0.100000"/>
  </frame>
  <frame idx="25" w="360" h="205" x="6.400162" y="-15.149925">
   <element name="x_spot" layername="x_spot" frame="0" z_index="1" m_a="1.000000" m_b="0.000000" m_c="0.000000" m_d="1.000000" m_tx="-0.100000" m_ty="-0.100000"/>
  </frame>
  <frame idx="50" w="360" h="205" x="6.400162" y="-15.149925">
   <element name="x_spot" layername="x_spot" frame="0" z_index="1" m_a="1.000000" m_b="0.000000" m_c="0.000000" m_d="1.000000" m_tx="-0.100000" m_ty="-0.100000"/>
  </frame>
  <frame idx="75" w="360" h="205" x="6.400162" y="-15.149925">
   <element name="x_spot" layername="x_spot" frame="0" z_index="1" m_a="1.000000" m_b="0.000000" m_c="0.000000" m_d="1.000000" m_tx="-0.100000" m_ty="-0.100000"/>
  </frame>
  <frame idx="100" w="360" h="205" x="6.400162" y="-15.149925">
   <element name="x_spot" layername="x_spot" frame="0" z_index="1" m_a="1.000000" m_b="0.000000" m_c="0.000000" m_d="1.000000" m_tx="-0.100000" m_ty="-0.100000"/>
  </frame>
  <frame idx="125" w="360" h="205" x="6.400162" y="-15.149925">
   <element name="x_spot" layername="x_spot" frame="0" z_index="1" m_a="1.000000" m_b="0.000000" m_c="0.000000" m_d="1.000000" m_tx="-0.100000" m_ty="-0.100000"/>
  </frame>
  <frame idx="150" w="360" h="205" x="6.400162" y="-15.149925">
   <element name="x_spot" layername="x_spot" frame="0" z_index="1" m_a="1.000000" m_b="0.000000" m_c="0.000000" m_d="1.000000" m_tx="-0.100000" m_ty="-0.100000"/>
  </frame>
  <frame idx="175" w="360" h="205" x="6.400162" y="-15.149925">
   <element name="x_spot" layername="x_spot" frame="0" z_index="1" m_a="1.000000" m_b="0.000000" m_c="0.000000" m_d="1.000000" m_tx="-0.100000" m_ty="-0.100000"/>
  </frame>
  <frame idx="200" w="360" h="205" x="6.400162" y="-15.149925">
   <element name="x_spot" layername="x_spot" frame="0" z_index="1" m_a="1.000000" m_b="0.000000" m_c="0.000000" m_d="1.000000" m_tx="-0.100000" m_ty="-0.100000"/>
  </frame>
  <frame idx="225" w="360" h="205" x="6.400162" y="-15.149925">
   <element name="x_spot" layername="x_spot" frame="0" z_index="1" m_a="1.000000" m_b="0.000000" m_c="0.000000" m_d="1.000000" m_tx="-0.100000" m_ty="-0.100000"/>
  </frame>
  <frame idx="250" w="360" h="205" x="6.400162" y="-15.149925">
   <element name="x_spot" layername="x_spot" frame="0" z_index="1" m_a="1.000000" m_b="0.000000" m_c="0.000000" m_d="1.000000" m_tx="-0.100000" m_ty="-0.100000"/>
  </frame>
  <frame idx="275" w="360" h="205" x="6.400162" y="-15.149925">
   <element name="x_spot" layername="x_spot" frame="0" z_index="1" m_a="1.000000" m_b="0.000000" m_c="0.000000" m_d="1.000000" m_tx="-0.100000" m_ty="-0.100000"/>
  </frame>
  <frame idx="300" w="360" h="205" x="6.400162" y="-15.149925">
   <element name="x_spot" layername="x_spot" frame="0" z_index="1" m_a="1.000000" m_b="0.000000" m_c="0.000000" m_d="1.000000" m_tx="-0.100000" m_ty="-0.100000"/>
  </frame>
  <frame idx="325" w="360" h="205" x="6.400162" y="-15.149925">
   <element name="x_spot" layername="x_spot" frame="0" z_index="1" m_a="1.000000" m_b="0.000000" m_c="0.000000" m_d="1.000000" m_tx="-0.100000" m_ty="-0.100000"/>
  </frame>
  <frame idx="350" w="360" h="205" x="6.400162" y="-15.149925">
   <element name="x_spot" layername="x_spot" frame="0" z_index="1" m_a="1.000000" m_b="0.000000" m_c="0.000000" m_d="1.000000" m_tx="-0.100000" m_ty="-0.100000"/>
  </frame>
  <frame idx="375" w="360" h="205" x="6.400162" y="-15.149925">
   <element name="x_spot" layername="x_spot" frame="0" z_index="1" m_a="1.000000" m_b="0.000000" m_c="0.000000" m_d="1.000000" m_tx="-0.100000" m_ty="-0.100000"/>
  </frame>
 </anim>
</Anims>
