<Anims>
 <anim name="link_1" root="wendy_soul_link" numframes="500" framerate="40">
  <frame idx="0" w="189" h="195" x="-31.226341" y="-18.631874">
   <element name="chain_set" layername="chain_set" frame="0" z_index="8" m_a="0.797974" m_b="0.000000" m_c="0.000000" m_d="0.797974" m_tx="-1.650000" m_ty="-3.750000"/>
  </frame>
  <frame idx="25" w="189" h="195" x="-31.226341" y="-18.631874">
   <element name="chain_set" layername="chain_set" frame="0" z_index="8" m_a="0.797974" m_b="0.000000" m_c="0.000000" m_d="0.797974" m_tx="-1.650000" m_ty="-3.750000"/>
  </frame>
  <frame idx="50" w="189" h="195" x="-31.226341" y="-18.631874">
   <element name="chain_set" layername="chain_set" frame="0" z_index="8" m_a="0.797974" m_b="0.000000" m_c="0.000000" m_d="0.797974" m_tx="-1.650000" m_ty="-3.750000"/>
  </frame>
  <frame idx="75" w="187" h="195" x="-30.614807" y="-18.010254">
   <element name="chain_set" layername="chain_set" frame="0" z_index="8" m_a="0.797974" m_b="0.000000" m_c="0.000000" m_d="0.797974" m_tx="-1.038464" m_ty="-3.128383"/>
  </frame>
  <frame idx="100" w="204" h="200" x="-34.296089" y="-19.594810">
   <element name="chain_set" layername="chain_set" frame="1" z_index="8" m_a="0.797974" m_b="0.000000" m_c="0.000000" m_d="0.797974" m_tx="1.075552" m_ty="-1.134030"/>
  </frame>
  <frame idx="125" w="204" h="200" x="-34.296089" y="-19.594810">
   <element name="chain_set" layername="chain_set" frame="1" z_index="8" m_a="0.797974" m_b="0.000000" m_c="0.000000" m_d="0.797974" m_tx="1.075552" m_ty="-1.134030"/>
  </frame>
  <frame idx="150" w="204" h="200" x="-34.296089" y="-19.594810">
   <element name="chain_set" layername="chain_set" frame="1" z_index="8" m_a="0.797974" m_b="0.000000" m_c="0.000000" m_d="0.797974" m_tx="1.075552" m_ty="-1.134030"/>
  </frame>
  <frame idx="175" w="204" h="200" x="-34.430908" y="-19.694962">
   <element name="chain_set" layername="chain_set" frame="1" z_index="8" m_a="0.797974" m_b="0.000000" m_c="0.000000" m_d="0.797974" m_tx="0.940735" m_ty="-1.234183"/>
  </frame>
  <frame idx="200" w="193" h="197" x="-32.426285" y="-19.256454">
   <element name="chain_set" layername="chain_set" frame="2" z_index="8" m_a="0.797974" m_b="0.000000" m_c="0.000000" m_d="0.797974" m_tx="0.404037" m_ty="-1.579877"/>
  </frame>
  <frame idx="225" w="193" h="197" x="-32.426285" y="-19.256454">
   <element name="chain_set" layername="chain_set" frame="2" z_index="8" m_a="0.797974" m_b="0.000000" m_c="0.000000" m_d="0.797974" m_tx="0.404037" m_ty="-1.579877"/>
  </frame>
  <frame idx="250" w="193" h="197" x="-32.426285" y="-19.256454">
   <element name="chain_set" layername="chain_set" frame="2" z_index="8" m_a="0.797974" m_b="0.000000" m_c="0.000000" m_d="0.797974" m_tx="0.404037" m_ty="-1.579877"/>
  </frame>
  <frame idx="275" w="193" h="197" x="-32.455040" y="-19.636101">
   <element name="chain_set" layername="chain_set" frame="2" z_index="8" m_a="0.797974" m_b="0.000000" m_c="0.000000" m_d="0.797974" m_tx="0.375285" m_ty="-1.959527"/>
  </frame>
  <frame idx="300" w="192" h="196" x="-32.223534" y="-18.859970">
   <element name="chain_set" layername="chain_set" frame="3" z_index="8" m_a="0.797974" m_b="0.000000" m_c="0.000000" m_d="0.797974" m_tx="0.274561" m_ty="-3.145932"/>
  </frame>
  <frame idx="325" w="192" h="196" x="-32.223534" y="-18.859970">
   <element name="chain_set" layername="chain_set" frame="3" z_index="8" m_a="0.797974" m_b="0.000000" m_c="0.000000" m_d="0.797974" m_tx="0.274561" m_ty="-3.145932"/>
  </frame>
  <frame idx="350" w="192" h="196" x="-32.223534" y="-18.859970">
   <element name="chain_set" layername="chain_set" frame="3" z_index="8" m_a="0.797974" m_b="0.000000" m_c="0.000000" m_d="0.797974" m_tx="0.274561" m_ty="-3.145932"/>
  </frame>
  <frame idx="375" w="192" h="196" x="-32.053154" y="-18.790405">
   <element name="chain_set" layername="chain_set" frame="3" z_index="8" m_a="0.797974" m_b="0.000000" m_c="0.000000" m_d="0.797974" m_tx="0.444940" m_ty="-3.076371"/>
  </frame>
  <frame idx="400" w="198" h="194" x="-33.443886" y="-18.780022">
   <element name="chain_set" layername="chain_set" frame="4" z_index="8" m_a="0.797974" m_b="0.000000" m_c="0.000000" m_d="0.797974" m_tx="1.066438" m_ty="-2.867946"/>
  </frame>
  <frame idx="425" w="198" h="194" x="-33.443886" y="-18.780022">
   <element name="chain_set" layername="chain_set" frame="4" z_index="8" m_a="0.797974" m_b="0.000000" m_c="0.000000" m_d="0.797974" m_tx="1.066438" m_ty="-2.867946"/>
  </frame>
  <frame idx="450" w="198" h="194" x="-33.443886" y="-18.780022">
   <element name="chain_set" layername="chain_set" frame="4" z_index="8" m_a="0.797974" m_b="0.000000" m_c="0.000000" m_d="0.797974" m_tx="1.066438" m_ty="-2.867946"/>
  </frame>
  <frame idx="475" w="198" h="194" x="-33.443886" y="-18.780022">
   <element name="chain_set" layername="chain_set" frame="4" z_index="8" m_a="0.797974" m_b="0.000000" m_c="0.000000" m_d="0.797974" m_tx="1.066438" m_ty="-2.867946"/>
  </frame>
 </anim>
 <anim name="link_2" root="wendy_soul_link" numframes="500" framerate="40">
  <frame idx="0" w="201" h="237" x="-16.007607" y="-34.283539">
   <element name="chain_set" layername="chain_set" frame="0" z_index="8" m_a="0.784699" m_b="-0.144683" m_c="0.144683" m_d="0.784699" m_tx="0.400000" m_ty="-5.500000"/>
  </frame>
  <frame idx="25" w="201" h="237" x="-16.007607" y="-34.283539">
   <element name="chain_set" layername="chain_set" frame="0" z_index="8" m_a="0.784699" m_b="-0.144683" m_c="0.144683" m_d="0.784699" m_tx="0.400000" m_ty="-5.500000"/>
  </frame>
  <frame idx="50" w="201" h="237" x="-16.007607" y="-34.283539">
   <element name="chain_set" layername="chain_set" frame="0" z_index="8" m_a="0.784699" m_b="-0.144683" m_c="0.144683" m_d="0.784699" m_tx="0.400000" m_ty="-5.500000"/>
  </frame>
  <frame idx="75" w="200" h="237" x="-15.293541" y="-33.783142">
   <element name="chain_set" layername="chain_set" frame="0" z_index="8" m_a="0.784699" m_b="-0.144683" m_c="0.144683" m_d="0.784699" m_tx="1.114070" m_ty="-4.999604"/>
  </frame>
  <frame idx="100" w="216" h="246" x="-18.451950" y="-36.823502">
   <element name="chain_set" layername="chain_set" frame="1" z_index="8" m_a="0.784699" m_b="-0.144683" m_c="0.144683" m_d="0.784699" m_tx="3.554521" m_ty="-3.421728"/>
  </frame>
  <frame idx="125" w="216" h="246" x="-18.451950" y="-36.823502">
   <element name="chain_set" layername="chain_set" frame="1" z_index="8" m_a="0.784699" m_b="-0.144683" m_c="0.144683" m_d="0.784699" m_tx="3.554521" m_ty="-3.421728"/>
  </frame>
  <frame idx="150" w="216" h="246" x="-18.451950" y="-36.823502">
   <element name="chain_set" layername="chain_set" frame="1" z_index="8" m_a="0.784699" m_b="-0.144683" m_c="0.144683" m_d="0.784699" m_tx="3.554521" m_ty="-3.421728"/>
  </frame>
  <frame idx="175" w="216" h="246" x="-18.602684" y="-36.897552">
   <element name="chain_set" layername="chain_set" frame="1" z_index="8" m_a="0.784699" m_b="-0.144683" m_c="0.144683" m_d="0.784699" m_tx="3.403787" m_ty="-3.495771"/>
  </frame>
  <frame idx="200" w="205" h="240" x="-16.802460" y="-35.612648">
   <element name="chain_set" layername="chain_set" frame="2" z_index="8" m_a="0.784699" m_b="-0.144683" m_c="0.144683" m_d="0.784699" m_tx="2.813339" m_ty="-3.738403"/>
  </frame>
  <frame idx="225" w="205" h="240" x="-16.802460" y="-35.612648">
   <element name="chain_set" layername="chain_set" frame="2" z_index="8" m_a="0.784699" m_b="-0.144683" m_c="0.144683" m_d="0.784699" m_tx="2.813339" m_ty="-3.738403"/>
  </frame>
  <frame idx="250" w="205" h="240" x="-16.802460" y="-35.612648">
   <element name="chain_set" layername="chain_set" frame="2" z_index="8" m_a="0.784699" m_b="-0.144683" m_c="0.144683" m_d="0.784699" m_tx="2.813339" m_ty="-3.738403"/>
  </frame>
  <frame idx="275" w="205" h="240" x="-16.899567" y="-35.980766">
   <element name="chain_set" layername="chain_set" frame="2" z_index="8" m_a="0.784699" m_b="-0.144683" m_c="0.144683" m_d="0.784699" m_tx="2.716229" m_ty="-4.106524"/>
  </frame>
  <frame idx="300" w="204" h="239" x="-16.874863" y="-35.094292">
   <element name="chain_set" layername="chain_set" frame="3" z_index="8" m_a="0.784699" m_b="-0.144683" m_c="0.144683" m_d="0.784699" m_tx="2.402070" m_ty="-5.254930"/>
  </frame>
  <frame idx="325" w="204" h="239" x="-16.874863" y="-35.094292">
   <element name="chain_set" layername="chain_set" frame="3" z_index="8" m_a="0.784699" m_b="-0.144683" m_c="0.144683" m_d="0.784699" m_tx="2.402070" m_ty="-5.254930"/>
  </frame>
  <frame idx="350" w="204" h="239" x="-16.874863" y="-35.094292">
   <element name="chain_set" layername="chain_set" frame="3" z_index="8" m_a="0.784699" m_b="-0.144683" m_c="0.144683" m_d="0.784699" m_tx="2.402070" m_ty="-5.254930"/>
  </frame>
  <frame idx="375" w="204" h="239" x="-16.694702" y="-35.056778">
   <element name="chain_set" layername="chain_set" frame="3" z_index="8" m_a="0.784699" m_b="-0.144683" m_c="0.144683" m_d="0.784699" m_tx="2.582227" m_ty="-5.217418"/>
  </frame>
  <frame idx="400" w="211" h="239" x="-18.242493" y="-35.583328">
   <element name="chain_set" layername="chain_set" frame="4" z_index="8" m_a="0.784699" m_b="-0.144683" m_c="0.144683" m_d="0.784699" m_tx="3.231176" m_ty="-5.125145"/>
  </frame>
  <frame idx="425" w="211" h="239" x="-18.242493" y="-35.583328">
   <element name="chain_set" layername="chain_set" frame="4" z_index="8" m_a="0.784699" m_b="-0.144683" m_c="0.144683" m_d="0.784699" m_tx="3.231176" m_ty="-5.125145"/>
  </frame>
  <frame idx="450" w="211" h="239" x="-18.242493" y="-35.583328">
   <element name="chain_set" layername="chain_set" frame="4" z_index="8" m_a="0.784699" m_b="-0.144683" m_c="0.144683" m_d="0.784699" m_tx="3.231176" m_ty="-5.125145"/>
  </frame>
  <frame idx="475" w="211" h="239" x="-18.242493" y="-35.583328">
   <element name="chain_set" layername="chain_set" frame="4" z_index="8" m_a="0.784699" m_b="-0.144683" m_c="0.144683" m_d="0.784699" m_tx="3.231176" m_ty="-5.125145"/>
  </frame>
 </anim>
 <anim name="link_3" root="wendy_soul_link" numframes="500" framerate="40">
  <frame idx="0" w="458" h="343" x="-205.413452" y="-101.003883">
   <element name="chain_set" layername="chain_set" frame="0" z_index="8" m_a="-0.566923" m_b="0.561526" m_c="-0.561526" m_d="-0.566923" m_tx="-1.500000" m_ty="0.150000"/>
  </frame>
  <frame idx="25" w="458" h="343" x="-205.413452" y="-101.003883">
   <element name="chain_set" layername="chain_set" frame="0" z_index="8" m_a="-0.566923" m_b="0.561526" m_c="-0.561526" m_d="-0.566923" m_tx="-1.500000" m_ty="0.150000"/>
  </frame>
  <frame idx="50" w="458" h="343" x="-205.413452" y="-101.003883">
   <element name="chain_set" layername="chain_set" frame="0" z_index="8" m_a="-0.566923" m_b="0.561526" m_c="-0.561526" m_d="-0.566923" m_tx="-1.500000" m_ty="0.150000"/>
  </frame>
  <frame idx="75" w="459" h="343" x="-206.285355" y="-101.015182">
   <element name="chain_set" layername="chain_set" frame="0" z_index="8" m_a="-0.566923" m_b="0.561526" m_c="-0.561526" m_d="-0.566923" m_tx="-2.371892" m_ty="0.138702"/>
  </frame>
  <frame idx="100" w="491" h="357" x="-225.663269" y="-103.322479">
   <element name="chain_set" layername="chain_set" frame="1" z_index="8" m_a="-0.566923" m_b="0.561526" m_c="-0.561526" m_d="-0.566923" m_tx="-5.277207" m_ty="0.209420"/>
  </frame>
  <frame idx="125" w="491" h="357" x="-225.663269" y="-103.322479">
   <element name="chain_set" layername="chain_set" frame="1" z_index="8" m_a="-0.566923" m_b="0.561526" m_c="-0.561526" m_d="-0.566923" m_tx="-5.277207" m_ty="0.209420"/>
  </frame>
  <frame idx="150" w="491" h="357" x="-225.663269" y="-103.322479">
   <element name="chain_set" layername="chain_set" frame="1" z_index="8" m_a="-0.566923" m_b="0.561526" m_c="-0.561526" m_d="-0.566923" m_tx="-5.277207" m_ty="0.209420"/>
  </frame>
  <frame idx="175" w="491" h="357" x="-225.497009" y="-103.346191">
   <element name="chain_set" layername="chain_set" frame="1" z_index="8" m_a="-0.566923" m_b="0.561526" m_c="-0.561526" m_d="-0.566923" m_tx="-5.110950" m_ty="0.185705"/>
  </frame>
  <frame idx="200" w="471" h="349" x="-214.664383" y="-103.454346">
   <element name="chain_set" layername="chain_set" frame="2" z_index="8" m_a="-0.566923" m_b="0.561526" m_c="-0.561526" m_d="-0.566923" m_tx="-4.486389" m_ty="0.053635"/>
  </frame>
  <frame idx="225" w="471" h="349" x="-214.664383" y="-103.454346">
   <element name="chain_set" layername="chain_set" frame="2" z_index="8" m_a="-0.566923" m_b="0.561526" m_c="-0.561526" m_d="-0.566923" m_tx="-4.486389" m_ty="0.053635"/>
  </frame>
  <frame idx="250" w="471" h="349" x="-214.664383" y="-103.454346">
   <element name="chain_set" layername="chain_set" frame="2" z_index="8" m_a="-0.566923" m_b="0.561526" m_c="-0.561526" m_d="-0.566923" m_tx="-4.486389" m_ty="0.053635"/>
  </frame>
  <frame idx="275" w="471" h="348" x="-214.376801" y="-103.204865">
   <element name="chain_set" layername="chain_set" frame="2" z_index="8" m_a="-0.566923" m_b="0.561526" m_c="-0.561526" m_d="-0.566923" m_tx="-4.198807" m_ty="0.303126"/>
  </frame>
  <frame idx="300" w="468" h="345" x="-212.455688" y="-100.751068">
   <element name="chain_set" layername="chain_set" frame="3" z_index="8" m_a="-0.566923" m_b="0.561526" m_c="-0.561526" m_d="-0.566923" m_tx="-3.292386" m_ty="1.075132"/>
  </frame>
  <frame idx="325" w="468" h="345" x="-212.455688" y="-100.751068">
   <element name="chain_set" layername="chain_set" frame="3" z_index="8" m_a="-0.566923" m_b="0.561526" m_c="-0.561526" m_d="-0.566923" m_tx="-3.292386" m_ty="1.075132"/>
  </frame>
  <frame idx="350" w="468" h="345" x="-212.455688" y="-100.751068">
   <element name="chain_set" layername="chain_set" frame="3" z_index="8" m_a="-0.566923" m_b="0.561526" m_c="-0.561526" m_d="-0.566923" m_tx="-3.292386" m_ty="1.075132"/>
  </frame>
  <frame idx="375" w="468" h="345" x="-212.625687" y="-100.680603">
   <element name="chain_set" layername="chain_set" frame="3" z_index="8" m_a="-0.566923" m_b="0.561526" m_c="-0.561526" m_d="-0.566923" m_tx="-3.462382" m_ty="1.145606"/>
  </frame>
  <frame idx="400" w="478" h="344" x="-218.759293" y="-97.539909">
   <element name="chain_set" layername="chain_set" frame="4" z_index="8" m_a="-0.566923" m_b="0.561526" m_c="-0.561526" m_d="-0.566923" m_tx="-4.050593" m_ty="1.434872"/>
  </frame>
  <frame idx="425" w="478" h="344" x="-218.759293" y="-97.539909">
   <element name="chain_set" layername="chain_set" frame="4" z_index="8" m_a="-0.566923" m_b="0.561526" m_c="-0.561526" m_d="-0.566923" m_tx="-4.050593" m_ty="1.434872"/>
  </frame>
  <frame idx="450" w="478" h="344" x="-218.759293" y="-97.539909">
   <element name="chain_set" layername="chain_set" frame="4" z_index="8" m_a="-0.566923" m_b="0.561526" m_c="-0.561526" m_d="-0.566923" m_tx="-4.050593" m_ty="1.434872"/>
  </frame>
  <frame idx="475" w="478" h="344" x="-218.759293" y="-97.539909">
   <element name="chain_set" layername="chain_set" frame="4" z_index="8" m_a="-0.566923" m_b="0.561526" m_c="-0.561526" m_d="-0.566923" m_tx="-4.050593" m_ty="1.434872"/>
  </frame>
 </anim>
 <anim name="link_4" root="wendy_soul_link" numframes="500" framerate="40">
  <frame idx="0" w="223" h="347" x="8.891533" y="-107.931061">
   <element name="chain_set" layername="chain_set" frame="0" z_index="8" m_a="0.491669" m_b="-0.628448" m_c="0.628448" m_d="0.491669" m_tx="2.900000" m_ty="-8.050000"/>
  </frame>
  <frame idx="25" w="223" h="347" x="8.891533" y="-107.931061">
   <element name="chain_set" layername="chain_set" frame="0" z_index="8" m_a="0.491669" m_b="-0.628448" m_c="0.628448" m_d="0.491669" m_tx="2.900000" m_ty="-8.050000"/>
  </frame>
  <frame idx="50" w="223" h="347" x="8.891533" y="-107.931061">
   <element name="chain_set" layername="chain_set" frame="0" z_index="8" m_a="0.491669" m_b="-0.628448" m_c="0.628448" m_d="0.491669" m_tx="2.900000" m_ty="-8.050000"/>
  </frame>
  <frame idx="75" w="222" h="347" x="9.757881" y="-108.029678">
   <element name="chain_set" layername="chain_set" frame="0" z_index="8" m_a="0.491669" m_b="-0.628448" m_c="0.628448" m_d="0.491669" m_tx="3.766353" m_ty="-8.148611"/>
  </frame>
  <frame idx="100" w="236" h="369" x="5.948547" y="-117.056419">
   <element name="chain_set" layername="chain_set" frame="1" z_index="8" m_a="0.491669" m_b="-0.628448" m_c="0.628448" m_d="0.491669" m_tx="6.639561" m_ty="-8.584701"/>
  </frame>
  <frame idx="125" w="236" h="369" x="5.948547" y="-117.056419">
   <element name="chain_set" layername="chain_set" frame="1" z_index="8" m_a="0.491669" m_b="-0.628448" m_c="0.628448" m_d="0.491669" m_tx="6.639561" m_ty="-8.584701"/>
  </frame>
  <frame idx="150" w="236" h="369" x="5.948547" y="-117.056419">
   <element name="chain_set" layername="chain_set" frame="1" z_index="8" m_a="0.491669" m_b="-0.628448" m_c="0.628448" m_d="0.491669" m_tx="6.639561" m_ty="-8.584701"/>
  </frame>
  <frame idx="175" w="236" h="369" x="5.786606" y="-117.011955">
   <element name="chain_set" layername="chain_set" frame="1" z_index="8" m_a="0.491669" m_b="-0.628448" m_c="0.628448" m_d="0.491669" m_tx="6.477617" m_ty="-8.540234"/>
  </frame>
  <frame idx="200" w="226" h="356" x="8.313843" y="-112.416367">
   <element name="chain_set" layername="chain_set" frame="2" z_index="8" m_a="0.491669" m_b="-0.628448" m_c="0.628448" m_d="0.491669" m_tx="5.874680" m_ty="-8.330553"/>
  </frame>
  <frame idx="225" w="226" h="356" x="8.313843" y="-112.416367">
   <element name="chain_set" layername="chain_set" frame="2" z_index="8" m_a="0.491669" m_b="-0.628448" m_c="0.628448" m_d="0.491669" m_tx="5.874680" m_ty="-8.330553"/>
  </frame>
  <frame idx="250" w="226" h="356" x="8.313843" y="-112.416367">
   <element name="chain_set" layername="chain_set" frame="2" z_index="8" m_a="0.491669" m_b="-0.628448" m_c="0.628448" m_d="0.491669" m_tx="5.874680" m_ty="-8.330553"/>
  </frame>
  <frame idx="275" w="226" h="356" x="7.997131" y="-112.627640">
   <element name="chain_set" layername="chain_set" frame="2" z_index="8" m_a="0.491669" m_b="-0.628448" m_c="0.628448" m_d="0.491669" m_tx="5.557969" m_ty="-8.541829"/>
  </frame>
  <frame idx="300" w="226" h="354" x="7.486092" y="-111.002556">
   <element name="chain_set" layername="chain_set" frame="3" z_index="8" m_a="0.491669" m_b="-0.628448" m_c="0.628448" m_d="0.491669" m_tx="4.561549" m_ty="-9.193503"/>
  </frame>
  <frame idx="325" w="226" h="354" x="7.486092" y="-111.002556">
   <element name="chain_set" layername="chain_set" frame="3" z_index="8" m_a="0.491669" m_b="-0.628448" m_c="0.628448" m_d="0.491669" m_tx="4.561549" m_ty="-9.193503"/>
  </frame>
  <frame idx="350" w="226" h="354" x="7.486092" y="-111.002556">
   <element name="chain_set" layername="chain_set" frame="3" z_index="8" m_a="0.491669" m_b="-0.628448" m_c="0.628448" m_d="0.491669" m_tx="4.561549" m_ty="-9.193503"/>
  </frame>
  <frame idx="375" w="226" h="354" x="7.645859" y="-111.093872">
   <element name="chain_set" layername="chain_set" frame="3" z_index="8" m_a="0.491669" m_b="-0.628448" m_c="0.628448" m_d="0.491669" m_tx="4.721311" m_ty="-9.284826"/>
  </frame>
  <frame idx="400" w="231" h="359" x="4.633347" y="-113.231995">
   <element name="chain_set" layername="chain_set" frame="4" z_index="8" m_a="0.491669" m_b="-0.628448" m_c="0.628448" m_d="0.491669" m_tx="5.268391" m_ty="-9.645869"/>
  </frame>
  <frame idx="425" w="231" h="359" x="4.633347" y="-113.231995">
   <element name="chain_set" layername="chain_set" frame="4" z_index="8" m_a="0.491669" m_b="-0.628448" m_c="0.628448" m_d="0.491669" m_tx="5.268391" m_ty="-9.645869"/>
  </frame>
  <frame idx="450" w="231" h="359" x="4.633347" y="-113.231995">
   <element name="chain_set" layername="chain_set" frame="4" z_index="8" m_a="0.491669" m_b="-0.628448" m_c="0.628448" m_d="0.491669" m_tx="5.268391" m_ty="-9.645869"/>
  </frame>
  <frame idx="475" w="231" h="359" x="4.633347" y="-113.231995">
   <element name="chain_set" layername="chain_set" frame="4" z_index="8" m_a="0.491669" m_b="-0.628448" m_c="0.628448" m_d="0.491669" m_tx="5.268391" m_ty="-9.645869"/>
  </frame>
 </anim>
 <anim name="link_break_1" root="wendy_soul_link" numframes="400" framerate="40">
  <frame idx="0" w="227" h="214" x="-40.115982" y="-19.919754">
   <element name="chain_set_break" layername="chain_set_break" frame="0" z_index="8" m_a="0.797974" m_b="0.000000" m_c="0.000000" m_d="0.797974" m_tx="-1.650000" m_ty="-3.750000"/>
  </frame>
  <frame idx="25" w="233" h="205" x="-45.225891" y="-11.931076">
   <element name="chain_set_break" layername="chain_set_break" frame="0" z_index="8" m_a="0.797974" m_b="0.000000" m_c="0.000000" m_d="0.797974" m_tx="-6.759911" m_ty="4.238678"/>
  </frame>
  <frame idx="50" w="315" h="267" x="-53.251976" y="-27.204300">
   <element name="chain_set_break" layername="chain_set_break" frame="1" z_index="8" m_a="0.797974" m_b="0.000000" m_c="0.000000" m_d="0.797974" m_tx="-11.419557" m_ty="9.718101"/>
  </frame>
  <frame idx="75" w="315" h="267" x="-53.251976" y="-27.204300">
   <element name="chain_set_break" layername="chain_set_break" frame="1" z_index="8" m_a="0.797974" m_b="0.000000" m_c="0.000000" m_d="0.797974" m_tx="-11.419557" m_ty="9.718101"/>
  </frame>
  <frame idx="100" w="315" h="267" x="-53.251976" y="-27.204300">
   <element name="chain_set_break" layername="chain_set_break" frame="1" z_index="8" m_a="0.797974" m_b="0.000000" m_c="0.000000" m_d="0.797974" m_tx="-11.419557" m_ty="9.718101"/>
  </frame>
  <frame idx="125" w="310" h="266" x="-48.335609" y="-25.975555">
   <element name="chain_set_break" layername="chain_set_break" frame="1" z_index="8" m_a="0.797974" m_b="0.000000" m_c="0.000000" m_d="0.797974" m_tx="-6.503186" m_ty="10.946847"/>
  </frame>
  <frame idx="150" w="329" h="267" x="-57.142494" y="-27.538620">
   <element name="chain_set_break" layername="chain_set_break" frame="2" z_index="8" m_a="0.797974" m_b="0.000000" m_c="0.000000" m_d="0.797974" m_tx="-4.860438" m_ty="11.332915"/>
  </frame>
  <frame idx="175" w="329" h="267" x="-57.142494" y="-27.538620">
   <element name="chain_set_break" layername="chain_set_break" frame="2" z_index="8" m_a="0.797974" m_b="0.000000" m_c="0.000000" m_d="0.797974" m_tx="-4.860438" m_ty="11.332915"/>
  </frame>
  <frame idx="200" w="329" h="267" x="-57.142494" y="-27.538620">
   <element name="chain_set_break" layername="chain_set_break" frame="2" z_index="8" m_a="0.797974" m_b="0.000000" m_c="0.000000" m_d="0.797974" m_tx="-4.860438" m_ty="11.332915"/>
  </frame>
  <frame idx="225" w="330" h="273" x="-58.042244" y="-33.242783">
   <element name="chain_set_break" layername="chain_set_break" frame="2" z_index="8" m_a="0.797974" m_b="0.000000" m_c="0.000000" m_d="0.797974" m_tx="-5.760197" m_ty="5.628751"/>
  </frame>
  <frame idx="250" w="340" h="242" x="-58.653893" y="-23.701569">
   <element name="chain_set_break" layername="chain_set_break" frame="3" z_index="8" m_a="0.797974" m_b="0.000000" m_c="0.000000" m_d="0.797974" m_tx="-6.230451" m_ty="2.946592"/>
  </frame>
  <frame idx="275" w="340" h="242" x="-58.653893" y="-23.701569">
   <element name="chain_set_break" layername="chain_set_break" frame="3" z_index="8" m_a="0.797974" m_b="0.000000" m_c="0.000000" m_d="0.797974" m_tx="-6.230451" m_ty="2.946592"/>
  </frame>
  <frame idx="300" w="340" h="242" x="-58.653893" y="-23.701569">
   <element name="chain_set_break" layername="chain_set_break" frame="3" z_index="8" m_a="0.797974" m_b="0.000000" m_c="0.000000" m_d="0.797974" m_tx="-6.230451" m_ty="2.946592"/>
  </frame>
  <frame idx="325" w="339" h="244" x="-57.508781" y="-25.375717">
   <element name="chain_set_break" layername="chain_set_break" frame="3" z_index="8" m_a="0.797974" m_b="0.000000" m_c="0.000000" m_d="0.797974" m_tx="-5.085338" m_ty="1.272444"/>
  </frame>
  <frame idx="350" w="338" h="246" x="-56.363670" y="-27.049866">
   <element name="chain_set_break" layername="chain_set_break" frame="3" z_index="8" m_a="0.797974" m_b="0.000000" m_c="0.000000" m_d="0.797974" m_tx="-3.940226" m_ty="-0.401704"/>
  </frame>
  <frame idx="375" w="336" h="248" x="-55.218544" y="-28.724014">
   <element name="chain_set_break" layername="chain_set_break" frame="3" z_index="8" m_a="0.797974" m_b="0.000000" m_c="0.000000" m_d="0.797974" m_tx="-2.795113" m_ty="-2.075852"/>
  </frame>
 </anim>
 <anim name="link_break_2" root="wendy_soul_link" numframes="400" framerate="40">
  <frame idx="0" w="242" h="259" x="-26.440491" y="-35.177536">
   <element name="chain_set_break" layername="chain_set_break" frame="0" z_index="8" m_a="0.785828" m_b="-0.138550" m_c="0.138550" m_d="0.785828" m_tx="-1.750000" m_ty="-3.350000"/>
  </frame>
  <frame idx="25" w="246" h="249" x="-30.085571" y="-26.423248">
   <element name="chain_set_break" layername="chain_set_break" frame="0" z_index="8" m_a="0.785828" m_b="-0.138550" m_c="0.138550" m_d="0.785828" m_tx="-5.395081" m_ty="5.404295"/>
  </frame>
  <frame idx="50" w="330" h="329" x="-33.997208" y="-47.105728">
   <element name="chain_set_break" layername="chain_set_break" frame="1" z_index="8" m_a="0.785828" m_b="-0.138550" m_c="0.138550" m_d="0.785828" m_tx="-9.032424" m_ty="11.609352"/>
  </frame>
  <frame idx="75" w="330" h="329" x="-33.997208" y="-47.105728">
   <element name="chain_set_break" layername="chain_set_break" frame="1" z_index="8" m_a="0.785828" m_b="-0.138550" m_c="0.138550" m_d="0.785828" m_tx="-9.032424" m_ty="11.609352"/>
  </frame>
  <frame idx="100" w="330" h="329" x="-33.997208" y="-47.105728">
   <element name="chain_set_break" layername="chain_set_break" frame="1" z_index="8" m_a="0.785828" m_b="-0.138550" m_c="0.138550" m_d="0.785828" m_tx="-9.032424" m_ty="11.609352"/>
  </frame>
  <frame idx="125" w="325" h="329" x="-28.942322" y="-46.749298">
   <element name="chain_set_break" layername="chain_set_break" frame="1" z_index="8" m_a="0.785828" m_b="-0.138550" m_c="0.138550" m_d="0.785828" m_tx="-3.977545" m_ty="11.965782"/>
  </frame>
  <frame idx="150" w="346" h="334" x="-37.849335" y="-49.428680">
   <element name="chain_set_break" layername="chain_set_break" frame="2" z_index="8" m_a="0.785828" m_b="-0.138550" m_c="0.138550" m_d="0.785828" m_tx="-2.292770" m_ty="12.060747"/>
  </frame>
  <frame idx="175" w="346" h="334" x="-37.849335" y="-49.428680">
   <element name="chain_set_break" layername="chain_set_break" frame="2" z_index="8" m_a="0.785828" m_b="-0.138550" m_c="0.138550" m_d="0.785828" m_tx="-2.292770" m_ty="12.060747"/>
  </frame>
  <frame idx="200" w="346" h="334" x="-37.849335" y="-49.428680">
   <element name="chain_set_break" layername="chain_set_break" frame="2" z_index="8" m_a="0.785828" m_b="-0.138550" m_c="0.138550" m_d="0.785828" m_tx="-2.292770" m_ty="12.060747"/>
  </frame>
  <frame idx="225" w="347" h="339" x="-39.725800" y="-54.889801">
   <element name="chain_set_break" layername="chain_set_break" frame="2" z_index="8" m_a="0.785828" m_b="-0.138550" m_c="0.138550" m_d="0.785828" m_tx="-4.169230" m_ty="6.599633"/>
  </frame>
  <frame idx="250" w="356" h="311" x="-42.450027" y="-45.779190">
   <element name="chain_set_break" layername="chain_set_break" frame="3" z_index="8" m_a="0.785828" m_b="-0.138550" m_c="0.138550" m_d="0.785828" m_tx="-5.098021" m_ty="4.039949"/>
  </frame>
  <frame idx="275" w="356" h="311" x="-42.450027" y="-45.779190">
   <element name="chain_set_break" layername="chain_set_break" frame="3" z_index="8" m_a="0.785828" m_b="-0.138550" m_c="0.138550" m_d="0.785828" m_tx="-5.098021" m_ty="4.039949"/>
  </frame>
  <frame idx="300" w="356" h="311" x="-42.450027" y="-45.779190">
   <element name="chain_set_break" layername="chain_set_break" frame="3" z_index="8" m_a="0.785828" m_b="-0.138550" m_c="0.138550" m_d="0.785828" m_tx="-5.098021" m_ty="4.039949"/>
  </frame>
  <frame idx="325" w="355" h="313" x="-41.613022" y="-47.626678">
   <element name="chain_set_break" layername="chain_set_break" frame="3" z_index="8" m_a="0.785828" m_b="-0.138550" m_c="0.138550" m_d="0.785828" m_tx="-4.261015" m_ty="2.192461"/>
  </frame>
  <frame idx="350" w="354" h="315" x="-40.776016" y="-49.474167">
   <element name="chain_set_break" layername="chain_set_break" frame="3" z_index="8" m_a="0.785828" m_b="-0.138550" m_c="0.138550" m_d="0.785828" m_tx="-3.424011" m_ty="0.344975"/>
  </frame>
  <frame idx="375" w="352" h="317" x="-39.939011" y="-51.321640">
   <element name="chain_set_break" layername="chain_set_break" frame="3" z_index="8" m_a="0.785828" m_b="-0.138550" m_c="0.138550" m_d="0.785828" m_tx="-2.587005" m_ty="-1.502513"/>
  </frame>
 </anim>
 <anim name="link_break_3" root="wendy_soul_link" numframes="400" framerate="40">
  <frame idx="0" w="526" h="384" x="-237.875031" y="-109.671143">
   <element name="chain_set_break" layername="chain_set_break" frame="0" z_index="8" m_a="-0.564239" m_b="0.564239" m_c="-0.564239" m_d="-0.564239" m_tx="2.800000" m_ty="-4.100000"/>
  </frame>
  <frame idx="25" w="528" h="395" x="-239.910583" y="-118.933014">
   <element name="chain_set_break" layername="chain_set_break" frame="0" z_index="8" m_a="-0.564239" m_b="0.564239" m_c="-0.564239" m_d="-0.564239" m_tx="0.764454" m_ty="-13.361881"/>
  </frame>
  <frame idx="50" w="696" h="523" x="-315.739868" y="-158.574371">
   <element name="chain_set_break" layername="chain_set_break" frame="1" z_index="8" m_a="-0.564239" m_b="0.564239" m_c="-0.564239" m_d="-0.564239" m_tx="0.184799" m_ty="-20.531115"/>
  </frame>
  <frame idx="75" w="696" h="523" x="-315.739868" y="-158.574371">
   <element name="chain_set_break" layername="chain_set_break" frame="1" z_index="8" m_a="-0.564239" m_b="0.564239" m_c="-0.564239" m_d="-0.564239" m_tx="0.184799" m_ty="-20.531115"/>
  </frame>
  <frame idx="100" w="696" h="523" x="-315.739868" y="-158.574371">
   <element name="chain_set_break" layername="chain_set_break" frame="1" z_index="8" m_a="-0.564239" m_b="0.564239" m_c="-0.564239" m_d="-0.564239" m_tx="0.184799" m_ty="-20.531115"/>
  </frame>
  <frame idx="125" w="701" h="520" x="-320.085022" y="-155.966888">
   <element name="chain_set_break" layername="chain_set_break" frame="1" z_index="8" m_a="-0.564239" m_b="0.564239" m_c="-0.564239" m_d="-0.564239" m_tx="-4.160353" m_ty="-17.923632"/>
  </frame>
  <frame idx="150" w="730" h="524" x="-339.860352" y="-152.960922">
   <element name="chain_set_break" layername="chain_set_break" frame="2" z_index="8" m_a="-0.564239" m_b="0.564239" m_c="-0.564239" m_d="-0.564239" m_tx="-5.594907" m_ty="-17.035048"/>
  </frame>
  <frame idx="175" w="730" h="524" x="-339.860352" y="-152.960922">
   <element name="chain_set_break" layername="chain_set_break" frame="2" z_index="8" m_a="-0.564239" m_b="0.564239" m_c="-0.564239" m_d="-0.564239" m_tx="-5.594907" m_ty="-17.035048"/>
  </frame>
  <frame idx="200" w="730" h="524" x="-339.860352" y="-152.960922">
   <element name="chain_set_break" layername="chain_set_break" frame="2" z_index="8" m_a="-0.564239" m_b="0.564239" m_c="-0.564239" m_d="-0.564239" m_tx="-5.594907" m_ty="-17.035048"/>
  </frame>
  <frame idx="225" w="724" h="520" x="-335.190796" y="-149.563766">
   <element name="chain_set_break" layername="chain_set_break" frame="2" z_index="8" m_a="-0.564239" m_b="0.564239" m_c="-0.564239" m_d="-0.564239" m_tx="-0.925340" m_ty="-13.637899"/>
  </frame>
  <frame idx="250" w="714" h="477" x="-333.425476" y="-117.289734">
   <element name="chain_set_break" layername="chain_set_break" frame="3" z_index="8" m_a="-0.564239" m_b="0.564239" m_c="-0.564239" m_d="-0.564239" m_tx="1.303699" m_ty="-12.073883"/>
  </frame>
  <frame idx="275" w="714" h="477" x="-333.425476" y="-117.289734">
   <element name="chain_set_break" layername="chain_set_break" frame="3" z_index="8" m_a="-0.564239" m_b="0.564239" m_c="-0.564239" m_d="-0.564239" m_tx="1.303699" m_ty="-12.073883"/>
  </frame>
  <frame idx="300" w="714" h="477" x="-333.425476" y="-117.289734">
   <element name="chain_set_break" layername="chain_set_break" frame="3" z_index="8" m_a="-0.564239" m_b="0.564239" m_c="-0.564239" m_d="-0.564239" m_tx="1.303699" m_ty="-12.073883"/>
  </frame>
  <frame idx="325" w="713" h="475" x="-333.051392" y="-115.296265">
   <element name="chain_set_break" layername="chain_set_break" frame="3" z_index="8" m_a="-0.564239" m_b="0.564239" m_c="-0.564239" m_d="-0.564239" m_tx="1.677774" m_ty="-10.080412"/>
  </frame>
  <frame idx="350" w="713" h="472" x="-332.677307" y="-113.302795">
   <element name="chain_set_break" layername="chain_set_break" frame="3" z_index="8" m_a="-0.564239" m_b="0.564239" m_c="-0.564239" m_d="-0.564239" m_tx="2.051849" m_ty="-8.086942"/>
  </frame>
  <frame idx="375" w="713" h="470" x="-332.303223" y="-111.309326">
   <element name="chain_set_break" layername="chain_set_break" frame="3" z_index="8" m_a="-0.564239" m_b="0.564239" m_c="-0.564239" m_d="-0.564239" m_tx="2.425925" m_ty="-6.093471"/>
  </frame>
 </anim>
 <anim name="link_break_4" root="wendy_soul_link" numframes="400" framerate="40">
  <frame idx="0" w="267" h="389" x="-3.334892" y="-116.177673">
   <element name="chain_set_break" layername="chain_set_break" frame="0" z_index="8" m_a="0.491272" m_b="-0.628799" m_c="0.628799" m_d="0.491272" m_tx="-1.350000" m_ty="-1.650000"/>
  </frame>
  <frame idx="25" w="263" h="380" x="-0.185768" y="-107.232864">
   <element name="chain_set_break" layername="chain_set_break" frame="0" z_index="8" m_a="0.491272" m_b="-0.628799" m_c="0.628799" m_d="0.491272" m_tx="1.799126" m_ty="7.294806"/>
  </frame>
  <frame idx="50" w="343" h="519" x="1.364136" y="-155.324158">
   <element name="chain_set_break" layername="chain_set_break" frame="1" z_index="8" m_a="0.491272" m_b="-0.628799" m_c="0.628799" m_d="0.491272" m_tx="3.248176" m_ty="14.339987"/>
  </frame>
  <frame idx="75" w="343" h="519" x="1.364136" y="-155.324158">
   <element name="chain_set_break" layername="chain_set_break" frame="1" z_index="8" m_a="0.491272" m_b="-0.628799" m_c="0.628799" m_d="0.491272" m_tx="3.248176" m_ty="14.339987"/>
  </frame>
  <frame idx="100" w="343" h="519" x="1.364136" y="-155.324158">
   <element name="chain_set_break" layername="chain_set_break" frame="1" z_index="8" m_a="0.491272" m_b="-0.628799" m_c="0.628799" m_d="0.491272" m_tx="3.248176" m_ty="14.339987"/>
  </frame>
  <frame idx="125" w="338" h="522" x="5.359146" y="-158.441772">
   <element name="chain_set_break" layername="chain_set_break" frame="1" z_index="8" m_a="0.491272" m_b="-0.628799" m_c="0.628799" m_d="0.491272" m_tx="7.243182" m_ty="11.222386"/>
  </frame>
  <frame idx="150" w="357" h="537" x="-5.929520" y="-165.067139">
   <element name="chain_set_break" layername="chain_set_break" frame="2" z_index="8" m_a="0.491272" m_b="-0.628799" m_c="0.628799" m_d="0.491272" m_tx="8.558758" m_ty="10.165592"/>
  </frame>
  <frame idx="175" w="357" h="537" x="-5.929520" y="-165.067139">
   <element name="chain_set_break" layername="chain_set_break" frame="2" z_index="8" m_a="0.491272" m_b="-0.628799" m_c="0.628799" m_d="0.491272" m_tx="8.558758" m_ty="10.165592"/>
  </frame>
  <frame idx="200" w="357" h="537" x="-5.929520" y="-165.067139">
   <element name="chain_set_break" layername="chain_set_break" frame="2" z_index="8" m_a="0.491272" m_b="-0.628799" m_c="0.628799" m_d="0.491272" m_tx="8.558758" m_ty="10.165592"/>
  </frame>
  <frame idx="225" w="362" h="541" x="-10.978317" y="-167.869873">
   <element name="chain_set_break" layername="chain_set_break" frame="2" z_index="8" m_a="0.491272" m_b="-0.628799" m_c="0.628799" m_d="0.491272" m_tx="3.509969" m_ty="7.362833"/>
  </frame>
  <frame idx="250" w="365" h="522" x="-22.287430" y="-156.544159">
   <element name="chain_set_break" layername="chain_set_break" frame="3" z_index="8" m_a="0.491272" m_b="-0.628799" m_c="0.628799" m_d="0.491272" m_tx="1.106930" m_ty="6.082123"/>
  </frame>
  <frame idx="275" w="365" h="522" x="-22.287430" y="-156.544159">
   <element name="chain_set_break" layername="chain_set_break" frame="3" z_index="8" m_a="0.491272" m_b="-0.628799" m_c="0.628799" m_d="0.491272" m_tx="1.106930" m_ty="6.082123"/>
  </frame>
  <frame idx="300" w="365" h="522" x="-22.287430" y="-156.544159">
   <element name="chain_set_break" layername="chain_set_break" frame="3" z_index="8" m_a="0.491272" m_b="-0.628799" m_c="0.628799" m_d="0.491272" m_tx="1.106930" m_ty="6.082123"/>
  </frame>
  <frame idx="325" w="365" h="524" x="-22.901672" y="-158.477188">
   <element name="chain_set_break" layername="chain_set_break" frame="3" z_index="8" m_a="0.491272" m_b="-0.628799" m_c="0.628799" m_d="0.491272" m_tx="0.492698" m_ty="4.149092"/>
  </frame>
  <frame idx="350" w="366" h="526" x="-23.515900" y="-160.410217">
   <element name="chain_set_break" layername="chain_set_break" frame="3" z_index="8" m_a="0.491272" m_b="-0.628799" m_c="0.628799" m_d="0.491272" m_tx="-0.121535" m_ty="2.216062"/>
  </frame>
  <frame idx="375" w="366" h="528" x="-24.130127" y="-162.343246">
   <element name="chain_set_break" layername="chain_set_break" frame="3" z_index="8" m_a="0.491272" m_b="-0.628799" m_c="0.628799" m_d="0.491272" m_tx="-0.735767" m_ty="0.283031"/>
  </frame>
 </anim>
</Anims>
